assembly_accession	window_bp	count_difference	presence_difference	clusters
GCF_000006985.1	5000	-0.05	-0.05	1
GCF_000006985.1	10000	-0.15	-0.1	1
GCF_000006985.1	20000	-0.25	-0.2	1
GCF_000008625.1	5000	-0.05	-0.05	1
GCF_000008625.1	10000	-0.1	-0.1	1
GCF_000008625.1	20000	-0.1	-0.1	1
GCF_000011965.2	5000	-0.05	-0.05	1
GCF_000011965.2	10000	-0.15	-0.1	1
GCF_000011965.2	20000	-0.25	-0.1	1
GCF_000012965.1	5000	-0.25	-0.175	2
GCF_000012965.1	10000	-0.375	-0.25	2
GCF_000012965.1	20000	-0.5750000000000001	-0.3	2
GCF_000013885.1	5000	0.8	0.825	2
GCF_000013885.1	10000	0.75	0.8	2
GCF_000013885.1	20000	0.8	0.525	2
GCF_000014025.1	5000	-0.05	-0.05	1
GCF_000014025.1	10000	-0.05	-0.05	1
GCF_000014025.1	20000	-0.2	-0.15	1
GCF_000014865.1	5000	-0.2833333333333333	-0.19999999999999998	3
GCF_000014865.1	10000	-0.4666666666666666	-0.2833333333333333	3
GCF_000014865.1	20000	-0.9666666666666667	-0.4166666666666667	3
GCF_000015585.1	5000	0.0	0.0	1
GCF_000015585.1	10000	-0.05	-0.05	1
GCF_000015585.1	20000	-0.3	-0.2	1
GCF_000015725.1	5000	-0.1	-0.0625	4
GCF_000015725.1	10000	0.325	0.38749999999999996	4
GCF_000015725.1	20000	0.25	0.2625	4
GCF_000016345.1	5000	-0.1	-0.07500000000000001	2
GCF_000016345.1	10000	-0.175	-0.125	2
GCF_000016345.1	20000	-0.225	-0.15	2
GCF_000018145.1	5000	0.375	0.44999999999999996	2
GCF_000018145.1	10000	0.35	0.425	2
GCF_000018145.1	20000	0.7	0.375	2
GCF_000019785.1	5000	-0.05	-0.025	2
GCF_000019785.1	10000	-0.175	-0.07500000000000001	2
GCF_000019785.1	20000	-0.4	-0.15000000000000002	2
GCF_000019945.1	5000	0.7	0.8	1
GCF_000019945.1	10000	0.55	0.7	1
GCF_000019945.1	20000	1.15	0.6	1
GCF_000020505.1	5000	0.0	0.0	1
GCF_000020505.1	10000	0.0	0.0	1
GCF_000020505.1	20000	-0.05	-0.05	1
GCF_000020645.1	5000	-0.375	-0.22499999999999998	2
GCF_000020645.1	10000	-0.575	-0.3	2
GCF_000020645.1	20000	-0.45	0.07499999999999998	2
GCF_000021545.1	5000	-0.25	-0.2	1
GCF_000021545.1	10000	-0.25	-0.2	1
GCF_000021545.1	20000	0.4	0.44999999999999996	1
GCF_000021565.1	5000	-0.05	-0.05	1
GCF_000021565.1	10000	-0.05	-0.05	1
GCF_000021565.1	20000	-0.05	-0.05	1
GCF_000021985.1	5000	-0.3125	-0.225	4
GCF_000021985.1	10000	-0.5	-0.3125	4
GCF_000021985.1	20000	-0.7250000000000001	-0.4	4
GCF_000022145.1	5000	-0.5	-0.1	1
GCF_000022145.1	10000	-0.7	-0.2	1
GCF_000022145.1	20000	-0.75	-0.25	1
GCF_000024425.1	5000	-0.1	-0.1	1
GCF_000024425.1	10000	-0.15	-0.15	1
GCF_000024425.1	20000	-0.3	-0.3	1
GCF_000024765.1	5000	-0.19999999999999998	-0.16666666666666666	3
GCF_000024765.1	10000	-0.2833333333333333	-0.21666666666666667	3
GCF_000024765.1	20000	-0.5833333333333334	-0.31666666666666665	3
GCF_000025485.1	5000	-0.225	-0.125	2
GCF_000025485.1	10000	-0.225	-0.125	2
GCF_000025485.1	20000	-0.325	-0.2	2
GCF_000025605.1	5000	0.95	0.95	1
GCF_000025605.1	10000	0.95	0.95	1
GCF_000025605.1	20000	0.95	0.95	1
GCF_000025705.1	5000	-0.2	-0.1	1
GCF_000025705.1	10000	-0.2	-0.1	1
GCF_000025705.1	20000	-0.25	-0.15	1
GCF_000069785.1	5000	-0.05	-0.05	2
GCF_000069785.1	10000	-0.05	-0.05	2
GCF_000069785.1	20000	-0.1	-0.1	2
GCF_000083545.1	5000	0.07500000000000002	0.3	2
GCF_000083545.1	10000	-0.1	0.27499999999999997	2
GCF_000083545.1	20000	-0.37499999999999994	0.225	2
GCF_000091545.1	5000	-0.1	-0.1	1
GCF_000091545.1	10000	-0.25	-0.2	1
GCF_000091545.1	20000	-0.35	-0.25	1
GCF_000092125.1	5000	-1.4	-0.675	2
GCF_000092125.1	10000	-1.9249999999999998	-0.35000000000000003	2
GCF_000092125.1	20000	-3.45	-0.5	2
GCF_000092245.1	5000	-0.1	-0.1	1
GCF_000092245.1	10000	-0.1	-0.1	1
GCF_000092245.1	20000	-0.15	-0.1	1
GCF_000092925.1	5000	-0.125	-0.07500000000000001	2
GCF_000092925.1	10000	-0.175	-0.125	2
GCF_000092925.1	20000	0.17500000000000002	0.25	2
GCF_000143145.1	5000	0.65	0.31666666666666665	3
GCF_000143145.1	10000	0.9833333333333334	0.31666666666666665	3
GCF_000143145.1	20000	1.3	0.6333333333333333	3
GCF_000147355.1	5000	-0.075	-0.075	2
GCF_000147355.1	10000	-0.1	-0.1	2
GCF_000147355.1	20000	-0.1	-0.1	2
GCF_000153125.2	5000	-0.75	-0.3	1
GCF_000153125.2	10000	-1.1	-0.45	1
GCF_000153125.2	20000	-1.5	-0.6	1
GCF_000154705.2	5000	-0.1	-0.05	1
GCF_000154705.2	10000	-0.2	-0.15	1
GCF_000154705.2	20000	-0.35	-0.2	1
GCF_000154785.2	5000	-0.05	-0.05	1
GCF_000154785.2	10000	-0.2	-0.15	1
GCF_000154785.2	20000	-0.2	-0.15	1
GCF_000158095.2	5000	-0.2	-0.1	1
GCF_000158095.2	10000	-0.2	-0.1	1
GCF_000158095.2	20000	-0.45	-0.15	1
GCF_000164905.1	5000	0.0	0.0	1
GCF_000164905.1	10000	-0.05	-0.05	1
GCF_000164905.1	20000	-0.05	-0.05	1
GCF_000183725.1	5000	-0.05	-0.05	1
GCF_000183725.1	10000	-0.05	-0.05	1
GCF_000183725.1	20000	-0.1	-0.1	1
GCF_000186245.1	5000	-0.3	-0.2	1
GCF_000186245.1	10000	-0.4	-0.25	1
GCF_000186245.1	20000	-0.6	-0.45	1
GCF_000192745.1	5000	-0.45	-0.2	1
GCF_000192745.1	10000	-0.75	-0.25	1
GCF_000192745.1	20000	-1.15	-0.35	1
GCF_000202835.1	5000	0.30000000000000004	0.7	1
GCF_000202835.1	10000	0.15000000000000002	0.6	1
GCF_000202835.1	20000	-0.5	0.5	1
GCF_000214275.2	5000	0.14999999999999997	0.275	2
GCF_000214275.2	10000	-0.15000000000000002	0.175	2
GCF_000214275.2	20000	-0.15000000000000002	0.475	2
GCF_000215705.1	5000	0.0	0.0	1
GCF_000215705.1	10000	0.0	0.0	1
GCF_000215705.1	20000	0.0	0.0	1
GCF_000218565.1	5000	-0.2	-0.1	1
GCF_000218565.1	10000	-0.45	-0.1	1
GCF_000218565.1	20000	-0.7	-0.2	1
GCF_000219215.1	5000	-0.175	-0.175	2
GCF_000219215.1	10000	-0.275	-0.25	2
GCF_000219215.1	20000	-0.475	-0.375	2
GCF_000219915.2	5000	0.0	0.0	4
GCF_000219915.2	10000	0.0	0.0	4
GCF_000219915.2	20000	0.0	0.0	4
GCF_000221025.1	5000	-1.075	-0.5	2
GCF_000221025.1	10000	-1.125	-0.04999999999999999	2
GCF_000221025.1	20000	-2.575	-0.2	2
GCF_000224005.2	5000	-0.2	-0.1	2
GCF_000224005.2	10000	-0.3	-0.15	2
GCF_000224005.2	20000	0.12500000000000003	0.27499999999999997	2
GCF_000227685.2	5000	0.19999999999999998	0.28333333333333327	3
GCF_000227685.2	10000	0.0	0.21666666666666665	3
GCF_000227685.2	20000	-0.2333333333333333	0.15	3
GCF_000227745.2	5000	0.1666666666666667	-0.08333333333333331	3
GCF_000227745.2	10000	-0.2166666666666667	-0.18333333333333332	3
GCF_000227745.2	20000	-0.5499999999999999	0.26666666666666666	3
GCF_000242915.1	5000	-0.1	-0.075	2
GCF_000242915.1	10000	-0.175	-0.125	2
GCF_000242915.1	20000	-0.35	-0.275	2
GCF_000253115.1	5000	-0.55	-0.3	1
GCF_000253115.1	10000	-0.85	-0.4	1
GCF_000253115.1	20000	-1.0	-0.45	1
GCF_000284275.1	5000	0.0	0.0	3
GCF_000284275.1	10000	-0.016666666666666666	-0.016666666666666666	3
GCF_000284275.1	20000	-0.016666666666666666	-0.016666666666666666	3
GCF_000297055.2	5000	0.0	0.0	1
GCF_000297055.2	10000	0.0	0.0	1
GCF_000297055.2	20000	-0.1	-0.1	1
GCF_000309885.1	5000	-0.15	-0.15	1
GCF_000309885.1	10000	-0.25	-0.2	1
GCF_000309885.1	20000	-0.45	-0.3	1
GCF_000321415.2	5000	-0.16666666666666666	-0.08333333333333333	3
GCF_000321415.2	10000	-0.3	-0.18333333333333335	3
GCF_000321415.2	20000	0.08333333333333333	0.03333333333333335	3
GCF_000344805.1	5000	-0.0125	-0.0125	4
GCF_000344805.1	10000	-0.037500000000000006	-0.037500000000000006	4
GCF_000344805.1	20000	-0.1375	-0.125	4
GCF_000504585.2	5000	-0.1	-0.05	1
GCF_000504585.2	10000	-0.1	-0.05	1
GCF_000504585.2	20000	0.9	0.95	1
GCF_000511355.1	5000	0.0	0.0	1
GCF_000511355.1	10000	0.0	0.0	1
GCF_000511355.1	20000	-0.7	-0.25	1
GCF_000511385.1	5000	-0.1	-0.1	1
GCF_000511385.1	10000	-0.3	-0.15	1
GCF_000511385.1	20000	-0.45	-0.2	1
GCF_000512735.1	5000	0.0	0.0	1
GCF_000512735.1	10000	0.0	0.0	1
GCF_000512735.1	20000	0.0	0.0	1
GCF_000590925.1	5000	-0.1	-0.05	1
GCF_000590925.1	10000	-0.1	-0.05	1
GCF_000590925.1	20000	-0.1	-0.05	1
GCF_000807775.2	5000	-0.05	-0.05	1
GCF_000807775.2	10000	-0.1	-0.1	1
GCF_000807775.2	20000	-0.1	-0.1	1
GCF_000815105.2	5000	-0.1	-0.1	1
GCF_000815105.2	10000	-0.15	-0.15	1
GCF_000815105.2	20000	-0.3	-0.25	1
GCF_000826835.2	5000	-0.05	-0.05	1
GCF_000826835.2	10000	-0.15	-0.1	1
GCF_000826835.2	20000	-0.2	-0.15	1
GCF_000828615.1	5000	-0.05	-0.05	1
GCF_000828615.1	10000	-0.1	-0.05	1
GCF_000828615.1	20000	-0.35	-0.3	1
GCF_000828635.1	5000	-0.07500000000000001	-0.07500000000000001	2
GCF_000828635.1	10000	-0.07500000000000001	-0.07500000000000001	2
GCF_000828635.1	20000	-0.125	-0.125	2
GCF_000934605.2	5000	-0.4	-0.25	1
GCF_000934605.2	10000	-0.55	-0.35	1
GCF_000934605.2	20000	-1.25	-0.45	1
GCF_000954135.1	5000	-0.35	-0.15	1
GCF_000954135.1	10000	-0.6	-0.2	1
GCF_000954135.1	20000	-1.05	-0.25	1
GCF_000967425.1	5000	-0.15	-0.1	1
GCF_000967425.1	10000	-0.15	-0.1	1
GCF_000967425.1	20000	-0.3	-0.15	1
GCF_000968535.2	5000	-0.2625	-0.1625	4
GCF_000968535.2	10000	-0.4	-0.2	4
GCF_000968535.2	20000	-0.36250000000000004	0.0875	4
GCF_000972785.3	5000	-1.1	-0.3	1
GCF_000972785.3	10000	-1.7	-0.35	1
GCF_000972785.3	20000	-2.65	-0.55	1
GCF_000973625.1	5000	0.0	0.0	2
GCF_000973625.1	10000	-0.05	-0.05	2
GCF_000973625.1	20000	-0.05	-0.05	2
GCF_000987835.1	5000	-0.175	-0.15	2
GCF_000987835.1	10000	-0.275	-0.225	2
GCF_000987835.1	20000	-0.4	-0.3	2
GCF_001007875.1	5000	-0.07500000000000001	-0.037500000000000006	4
GCF_001007875.1	10000	-0.1	-0.05	4
GCF_001007875.1	20000	-0.275	-0.125	4
GCF_001017435.1	5000	-0.05	-0.05	1
GCF_001017435.1	10000	-0.2	-0.1	1
GCF_001017435.1	20000	-0.2	-0.1	1
GCF_001020955.1	5000	-0.075	-0.05	4
GCF_001020955.1	10000	0.1375	0.175	4
GCF_001020955.1	20000	0.225	0.0625	4
GCF_001029105.3	5000	0.85	0.85	1
GCF_001029105.3	10000	1.85	0.85	1
GCF_001029105.3	20000	2.7	0.75	1
GCF_001051995.2	5000	-0.15000000000000002	-0.125	2
GCF_001051995.2	10000	-0.30000000000000004	-0.2	2
GCF_001051995.2	20000	-0.675	-0.275	2
GCF_001187845.1	5000	0.0	0.0	1
GCF_001187845.1	10000	0.0	0.0	1
GCF_001187845.1	20000	0.0	0.0	1
GCF_001305575.3	5000	-0.5333333333333333	-0.2833333333333333	3
GCF_001305575.3	10000	-0.10000000000000002	-0.03333333333333336	3
GCF_001305575.3	20000	-0.3333333333333333	0.08333333333333333	3
GCF_001305595.1	5000	1.6	0.8	1
GCF_001305595.1	10000	1.35	0.75	1
GCF_001305595.1	20000	1.0	0.55	1
GCF_001308265.1	5000	-0.5	-0.2	1
GCF_001308265.1	10000	-0.65	-0.3	1
GCF_001308265.1	20000	-1.2	-0.6	1
GCF_001465545.3	5000	0.0	0.0	1
GCF_001465545.3	10000	-0.05	-0.05	1
GCF_001465545.3	20000	-0.1	-0.1	1
GCF_001465595.2	5000	-0.1	-0.1	1
GCF_001465595.2	10000	-0.15	-0.15	1
GCF_001465595.2	20000	-0.15	-0.15	1
GCF_001579845.1	5000	-0.11000000000000001	-0.06000000000000001	5
GCF_001579845.1	10000	0.15	0.05	5
GCF_001579845.1	20000	0.039999999999999994	-0.010000000000000009	5
GCF_001587155.1	5000	-0.1	-0.1	1
GCF_001587155.1	10000	-0.2	-0.1	1
GCF_001587155.1	20000	-0.25	-0.1	1
GCF_001598055.1	5000	-0.375	-0.25	2
GCF_001598055.1	10000	-0.025000000000000022	0.14999999999999997	2
GCF_001598055.1	20000	-0.4	0.04999999999999999	2
GCF_001620265.1	5000	-0.45	-0.2	1
GCF_001620265.1	10000	-0.7	-0.25	1
GCF_001620265.1	20000	-0.9	-0.3	1
GCF_001633165.1	5000	-0.8	-0.4	1
GCF_001633165.1	10000	-1.05	-0.45	1
GCF_001633165.1	20000	-1.7	-0.55	1
GCF_001642675.1	5000	-0.325	-0.1625	4
GCF_001642675.1	10000	-0.26249999999999996	0.06249999999999999	4
GCF_001642675.1	20000	-0.65	0.012500000000000004	4
GCF_001659725.1	5000	-0.2333333333333333	-0.16666666666666666	3
GCF_001659725.1	10000	-0.26666666666666666	-0.16666666666666666	3
GCF_001659725.1	20000	-0.3666666666666667	-0.21666666666666667	3
GCF_001663815.1	5000	-0.09999999999999999	-0.08333333333333333	3
GCF_001663815.1	10000	-0.16666666666666666	-0.13333333333333333	3
GCF_001663815.1	20000	-0.3333333333333333	-0.25	3
GCF_001663855.1	5000	-0.25	-0.05	1
GCF_001663855.1	10000	-0.45	-0.1	1
GCF_001663855.1	20000	-1.05	-0.1	1
GCF_001693385.1	5000	0.3125	0.1625	4
GCF_001693385.1	10000	0.2375	0.11249999999999999	4
GCF_001693385.1	20000	0.22499999999999995	0.19999999999999998	4
GCF_001693515.2	5000	-0.225	-0.15	2
GCF_001693515.2	10000	-0.325	-0.2	2
GCF_001693515.2	20000	-0.675	-0.475	2
GCF_001705075.2	5000	0.12499999999999997	0.175	2
GCF_001705075.2	10000	-0.25	0.025000000000000022	2
GCF_001705075.2	20000	-1.025	-0.19999999999999996	2
GCF_001723605.1	5000	-0.1	-0.1	1
GCF_001723605.1	10000	-0.2	-0.15	1
GCF_001723605.1	20000	-0.25	-0.15	1
GCF_001747405.1	5000	-0.55	-0.4	1
GCF_001747405.1	10000	-0.6	-0.45	1
GCF_001747405.1	20000	0.09999999999999998	0.44999999999999996	1
GCF_001753165.1	5000	0.5125	0.0625	4
GCF_001753165.1	10000	0.32500000000000007	-0.07500000000000001	4
GCF_001753165.1	20000	0.2874999999999999	-0.03750000000000003	4
GCF_001753245.1	5000	-0.25	-0.15	4
GCF_001753245.1	10000	-0.425	-0.2	4
GCF_001753245.1	20000	-0.26249999999999996	-0.09999999999999999	4
GCF_001761385.1	5000	-0.1	-0.05	1
GCF_001761385.1	10000	-0.3	-0.15	1
GCF_001761385.1	20000	-0.35	-0.15	1
GCF_001854125.1	5000	-0.05	-0.05	1
GCF_001854125.1	10000	-0.05	-0.05	1
GCF_001854125.1	20000	-0.15	-0.1	1
GCF_001854325.1	5000	-0.2	-0.1	1
GCF_001854325.1	10000	-0.2	-0.1	1
GCF_001854325.1	20000	-0.2	-0.1	1
GCF_001870665.2	5000	-0.15	-0.15	1
GCF_001870665.2	10000	-0.15	-0.15	1
GCF_001870665.2	20000	-0.3	-0.25	1
GCF_001888185.1	5000	-0.05	-0.05	1
GCF_001888185.1	10000	-0.05	-0.05	1
GCF_001888185.1	20000	-0.1	-0.1	1
GCF_001889605.1	5000	-0.25	-0.1	1
GCF_001889605.1	10000	-0.45	-0.15	1
GCF_001889605.1	20000	-0.8	-0.2	1
GCF_001940525.2	5000	0.0	0.0	1
GCF_001940525.2	10000	-0.2	-0.1	1
GCF_001940525.2	20000	-0.4	-0.15	1
GCF_001953055.1	5000	0.0	0.0	1
GCF_001953055.1	10000	-0.05	-0.05	1
GCF_001953055.1	20000	0.8	0.95	1
GCF_001955735.1	5000	-0.1	-0.1	1
GCF_001955735.1	10000	-0.15	-0.1	1
GCF_001955735.1	20000	-0.65	-0.45	1
GCF_001956695.1	5000	-0.05	-0.05	1
GCF_001956695.1	10000	-0.05	-0.05	1
GCF_001956695.1	20000	-0.1	-0.05	1
GCF_001969385.1	5000	-0.05	-0.05	1
GCF_001969385.1	10000	-0.15	-0.05	1
GCF_001969385.1	20000	-0.2	-0.1	1
GCF_001975705.1	5000	-0.05	-0.05	1
GCF_001975705.1	10000	-0.25	-0.15	1
GCF_001975705.1	20000	-1.1	-0.25	1
GCF_001999245.1	5000	-0.15	-0.1	1
GCF_001999245.1	10000	-0.25	-0.1	1
GCF_001999245.1	20000	-0.25	-0.1	1
GCF_002028405.1	5000	-0.1	-0.1	1
GCF_002028405.1	10000	-0.25	-0.15	1
GCF_002028405.1	20000	-0.4	-0.3	1
GCF_002085925.2	5000	-0.2	-0.15	1
GCF_002085925.2	10000	-0.2	-0.15	1
GCF_002085925.2	20000	-0.35	-0.25	1
GCF_002119765.1	5000	-0.125	-0.07500000000000001	2
GCF_002119765.1	10000	0.375	0.425	2
GCF_002119765.1	20000	0.275	0.325	2
GCF_002215215.1	5000	-0.25	-0.13333333333333333	3
GCF_002215215.1	10000	-0.5333333333333333	-0.20000000000000004	3
GCF_002215215.1	20000	0.9499999999999998	0.35000000000000003	3
GCF_002222655.1	5000	-0.1	-0.1	1
GCF_002222655.1	10000	-0.1	-0.1	1
GCF_002222655.1	20000	-0.25	-0.25	1
GCF_002266435.3	5000	-0.0125	-0.0125	4
GCF_002266435.3	10000	-0.0125	-0.0125	4
GCF_002266435.3	20000	-0.0125	-0.0125	4
GCF_002278135.3	5000	-0.2833333333333333	-0.15	3
GCF_002278135.3	10000	-0.5	-0.21666666666666667	3
GCF_002278135.3	20000	-1.1166666666666667	-0.3333333333333333	3
GCF_002355335.1	5000	0.0	0.0	3
GCF_002355335.1	10000	-0.016666666666666666	-0.016666666666666666	3
GCF_002355335.1	20000	-0.03333333333333333	-0.03333333333333333	3
GCF_002355415.1	5000	-0.19999999999999998	-0.06666666666666667	3
GCF_002355415.1	10000	-0.26666666666666666	-0.08333333333333333	3
GCF_002355415.1	20000	-0.48333333333333334	-0.16666666666666666	3
GCF_002355735.1	5000	-0.05	-0.05	2
GCF_002355735.1	10000	-0.05	-0.05	2
GCF_002355735.1	20000	0.45	0.45	2
GCF_002407265.1	5000	-0.2	-0.05	1
GCF_002407265.1	10000	0.75	0.95	1
GCF_002407265.1	20000	0.7	0.95	1
GCF_002504165.1	5000	0.0	0.0	1
GCF_002504165.1	10000	-0.1	-0.1	1
GCF_002504165.1	20000	-0.15	-0.15	1
GCF_002795845.1	5000	-0.1	-0.05	1
GCF_002795845.1	10000	-0.25	-0.1	1
GCF_002795845.1	20000	-0.45	-0.15	1
GCF_002865605.1	5000	-0.2	-0.1	1
GCF_002865605.1	10000	-0.2	-0.1	1
GCF_002865605.1	20000	-0.35	-0.2	1
GCF_002872475.1	5000	-0.1	-0.1	1
GCF_002872475.1	10000	0.75	0.75	1
GCF_002872475.1	20000	1.5	0.55	1
GCF_002892185.1	5000	0.0	0.0	1
GCF_002892185.1	10000	0.0	0.0	1
GCF_002892185.1	20000	-0.05	-0.05	1
GCF_002983865.1	5000	-0.15	-0.1	1
GCF_002983865.1	10000	-0.15	-0.1	1
GCF_002983865.1	20000	-0.2	-0.15	1
GCF_002995515.1	5000	-0.39999999999999997	-0.1	2
GCF_002995515.1	10000	-0.65	-0.175	2
GCF_002995515.1	20000	-1.1	-0.3	2
GCF_003008515.1	5000	0.0	0.0	2
GCF_003008515.1	10000	0.0	0.0	2
GCF_003008515.1	20000	-0.075	-0.025	2
GCF_003008555.2	5000	3.9	0.9	1
GCF_003008555.2	10000	4.6	0.85	1
GCF_003008555.2	20000	4.35	0.75	1
GCF_003008575.1	5000	-0.6	-0.25	1
GCF_003008575.1	10000	-0.9	-0.35	1
GCF_003008575.1	20000	-1.1	-0.4	1
GCF_003065365.1	5000	-0.1	-0.05	1
GCF_003065365.1	10000	-0.15	-0.1	1
GCF_003065365.1	20000	-0.25	-0.2	1
GCF_003065385.1	5000	-0.65	-0.15	1
GCF_003065385.1	10000	-0.7	-0.15	1
GCF_003065385.1	20000	-1.1	-0.15	1
GCF_003324675.1	5000	-0.05	-0.05	1
GCF_003324675.1	10000	-0.05	-0.05	1
GCF_003324675.1	20000	-0.15	-0.1	1
GCF_003346755.1	5000	-0.05	-0.05	1
GCF_003346755.1	10000	-0.05	-0.05	1
GCF_003346755.1	20000	-0.1	-0.1	1
GCF_003346815.1	5000	0.0	0.0	1
GCF_003346815.1	10000	1.0	1.0	1
GCF_003346815.1	20000	1.0	1.0	1
GCF_003355515.1	5000	-0.4	-0.15	1
GCF_003355515.1	10000	-0.55	-0.2	1
GCF_003355515.1	20000	-0.6	-0.2	1
GCF_003403095.1	5000	-0.2	-0.1	1
GCF_003403095.1	10000	-0.3	-0.1	1
GCF_003403095.1	20000	-0.45	-0.1	1
GCF_003544815.1	5000	-0.1	-0.1	1
GCF_003544815.1	10000	-0.1	-0.1	1
GCF_003544815.1	20000	-0.15	-0.15	1
GCF_003544835.1	5000	-0.05	-0.05	1
GCF_003544835.1	10000	-0.15	-0.15	1
GCF_003544835.1	20000	-0.2	-0.2	1
GCF_003544855.1	5000	-0.05	-0.05	1
GCF_003544855.1	10000	-0.05	-0.05	1
GCF_003544855.1	20000	-0.1	-0.1	1
GCF_003544895.1	5000	-0.05	-0.05	1
GCF_003544895.1	10000	-0.1	-0.1	1
GCF_003544895.1	20000	-0.3	-0.2	1
GCF_003544915.1	5000	-0.4	-0.1	1
GCF_003544915.1	10000	-0.8	-0.25	1
GCF_003544915.1	20000	-1.1	-0.3	1
GCF_003544935.1	5000	-0.15	-0.1	1
GCF_003544935.1	10000	-0.25	-0.15	1
GCF_003544935.1	20000	-0.25	-0.15	1
GCF_003568585.1	5000	-0.1	-0.1	1
GCF_003568585.1	10000	-0.25	-0.2	1
GCF_003568585.1	20000	-0.6	-0.4	1
GCF_003568845.1	5000	-0.1	-0.07500000000000001	2
GCF_003568845.1	10000	-0.225	-0.125	2
GCF_003568845.1	20000	0.1	0.3	2
GCF_003574215.1	5000	-0.15	-0.15	1
GCF_003574215.1	10000	-0.2	-0.2	1
GCF_003574215.1	20000	-0.2	-0.2	1
GCF_003660105.1	5000	-0.05	-0.05	1
GCF_003660105.1	10000	-0.1	-0.05	1
GCF_003660105.1	20000	-0.1	-0.05	1
GCF_003711085.1	5000	-0.35	-0.15	1
GCF_003711085.1	10000	-0.4	-0.15	1
GCF_003711085.1	20000	-0.4	-0.15	1
GCF_003721225.2	5000	-0.6	-0.4	1
GCF_003721225.2	10000	-0.7	-0.45	1
GCF_003721225.2	20000	-1.3	-0.55	1
GCF_003966565.1	5000	0.0	0.0	1
GCF_003966565.1	10000	0.0	0.0	1
GCF_003966565.1	20000	-0.05	-0.05	1
GCF_003966715.1	5000	-0.175	-0.15	2
GCF_003966715.1	10000	-0.375	-0.3	2
GCF_003966715.1	20000	-0.8999999999999999	-0.5	2
GCF_003967195.1	5000	-0.016666666666666666	-0.016666666666666666	3
GCF_003967195.1	10000	-0.06666666666666667	-0.06666666666666667	3
GCF_003967195.1	20000	-0.08333333333333333	-0.08333333333333333	3
GCF_003967275.1	5000	0.7	0.75	1
GCF_003967275.1	10000	0.7	0.75	1
GCF_003967275.1	20000	0.5	0.6	1
GCF_003970735.1	5000	-0.05	-0.05	1
GCF_003970735.1	10000	-0.05	-0.05	1
GCF_003970735.1	20000	-0.2	-0.2	1
GCF_004001245.1	5000	-0.19	-0.13	5
GCF_004001245.1	10000	-0.26	-0.07999999999999999	5
GCF_004001245.1	20000	-0.62	-0.24	5
GCF_004006175.1	5000	-0.1	-0.05	1
GCF_004006175.1	10000	-0.15	-0.1	1
GCF_004006175.1	20000	-0.2	-0.15	1
GCF_004063735.1	5000	-0.1	-0.1	1
GCF_004063735.1	10000	-0.15	-0.15	1
GCF_004063735.1	20000	-0.4	-0.25	1
GCF_004114915.1	5000	-0.08333333333333333	-0.05000000000000001	3
GCF_004114915.1	10000	-0.08333333333333333	-0.05000000000000001	3
GCF_004114915.1	20000	-0.08333333333333333	-0.05000000000000001	3
GCF_004114935.1	5000	-0.225	-0.1	2
GCF_004114935.1	10000	-0.47500000000000003	-0.2	2
GCF_004114935.1	20000	-0.825	-0.325	2
GCF_004114955.1	5000	-0.09999999999999999	-0.05833333333333334	6
GCF_004114955.1	10000	-0.125	-0.08333333333333333	6
GCF_004114955.1	20000	-0.20833333333333334	-0.15833333333333333	6
GCF_004114975.1	5000	-0.15	-0.1	4
GCF_004114975.1	10000	0.024999999999999994	0.1125	4
GCF_004114975.1	20000	0.09999999999999999	0.3	4
GCF_004214795.1	5000	0.725	0.3	2
GCF_004214795.1	10000	0.95	0.625	2
GCF_004214795.1	20000	0.55	0.5	2
GCF_004214815.1	5000	-0.05	-0.05	1
GCF_004214815.1	10000	-0.15	-0.1	1
GCF_004214815.1	20000	-0.35	-0.2	1
GCF_004299785.2	5000	-0.5	0.44999999999999996	1
GCF_004299785.2	10000	-0.8	0.4	1
GCF_004299785.2	20000	-1.6	0.19999999999999996	1
GCF_004323595.1	5000	-0.15	-0.1	1
GCF_004323595.1	10000	-0.3	-0.2	1
GCF_004323595.1	20000	-0.55	-0.2	1
GCF_004353865.1	5000	-0.1	-0.05	1
GCF_004353865.1	10000	-0.3	-0.15	1
GCF_004353865.1	20000	-0.4	-0.15	1
GCF_004684245.1	5000	-0.1	-0.1	1
GCF_004684245.1	10000	-0.25	-0.25	1
GCF_004684245.1	20000	-0.4	-0.4	1
GCF_004786015.1	5000	-0.22499999999999998	-0.125	2
GCF_004786015.1	10000	-0.35	-0.2	2
GCF_004786015.1	20000	-0.7	-0.35	2
GCF_005144885.1	5000	-0.275	-0.1	2
GCF_005144885.1	10000	-0.4	-0.175	2
GCF_005144885.1	20000	-0.575	-0.25	2
GCF_005234135.1	5000	-0.8	-0.3	1
GCF_005234135.1	10000	-1.5	-0.45	1
GCF_005234135.1	20000	-2.75	-0.5	1
GCF_005931095.1	5000	-0.1125	-0.1125	4
GCF_005931095.1	10000	-0.3625	-0.3	4
GCF_005931095.1	20000	1.3625	0.3	4
GCF_006459125.1	5000	0.0	0.0	1
GCF_006459125.1	10000	-0.05	-0.05	1
GCF_006459125.1	20000	-0.15	-0.15	1
GCF_006740765.1	5000	-0.05	-0.025	2
GCF_006740765.1	10000	-0.1	-0.07500000000000001	2
GCF_006740765.1	20000	-0.4	-0.2	2
GCF_006970865.1	5000	-0.1	-0.1	1
GCF_006970865.1	10000	-0.25	-0.1	1
GCF_006970865.1	20000	-0.85	-0.2	1
GCF_007922615.2	5000	-0.1	-0.1	1
GCF_007922615.2	10000	-0.1	-0.1	1
GCF_007922615.2	20000	-0.15	-0.15	1
GCF_007954405.1	5000	0.85	0.9	1
GCF_007954405.1	10000	0.85	0.9	1
GCF_007954405.1	20000	0.8	0.9	1
GCF_008000835.1	5000	0.0	0.0	1
GCF_008000835.1	10000	-0.1	-0.1	1
GCF_008000835.1	20000	-0.35	-0.25	1
GCF_008274805.1	5000	0.0	0.0	1
GCF_008274805.1	10000	0.0	0.0	1
GCF_008274805.1	20000	0.0	0.0	1
GCF_008329925.1	5000	-0.05	-0.05	1
GCF_008329925.1	10000	-0.3	-0.25	1
GCF_008329925.1	20000	-0.5	-0.25	1
GCF_008630635.1	5000	-0.25	-0.15	1
GCF_008630635.1	10000	-0.25	-0.15	1
GCF_008630635.1	20000	-0.3	-0.2	1
GCF_008728195.1	5000	-0.3	-0.15	1
GCF_008728195.1	10000	-0.55	-0.2	1
GCF_008728195.1	20000	-0.8	-0.3	1
GCF_008801925.2	5000	-0.05	-0.05	2
GCF_008801925.2	10000	-0.125	-0.125	2
GCF_008801925.2	20000	-0.275	-0.225	2
GCF_008824185.1	5000	-0.2	-0.125	2
GCF_008824185.1	10000	0.49999999999999994	0.25	2
GCF_008824185.1	20000	0.10000000000000009	0.09999999999999998	2
GCF_008932115.1	5000	0.012499999999999956	0.024999999999999967	4
GCF_008932115.1	10000	-0.16249999999999998	-0.025000000000000022	4
GCF_008932115.1	20000	-0.6125	0.11250000000000002	4
GCF_009068765.1	5000	-0.35	-0.2	2
GCF_009068765.1	10000	-0.725	-0.35	2
GCF_009068765.1	20000	-0.925	-0.45	2
GCF_009497875.2	5000	-0.075	-0.075	2
GCF_009497875.2	10000	-0.15000000000000002	-0.15000000000000002	2
GCF_009497875.2	20000	-0.55	-0.4	2
GCF_009650135.1	5000	0.0	0.0	1
GCF_009650135.1	10000	0.0	0.0	1
GCF_009650135.1	20000	-0.05	-0.05	1
GCF_009662475.1	5000	-0.65	-0.3	2
GCF_009662475.1	10000	-0.825	-0.375	2
GCF_009662475.1	20000	-0.5	-0.125	2
GCF_009746125.1	5000	-0.2	-0.125	2
GCF_009746125.1	10000	-0.25	-0.125	2
GCF_009746125.1	20000	-0.7	-0.22499999999999998	2
GCF_009762325.1	5000	-0.25	-0.15	1
GCF_009762325.1	10000	-0.3	-0.15	1
GCF_009762325.1	20000	-0.5	-0.15	1
GCF_009789575.1	5000	-0.05	-0.05	1
GCF_009789575.1	10000	-0.05	-0.05	1
GCF_009789575.1	20000	-0.05	-0.05	1
GCF_009910365.1	5000	-0.15	-0.1	1
GCF_009910365.1	10000	-0.25	-0.2	1
GCF_009910365.1	20000	-0.6	-0.4	1
GCF_009937995.1	5000	-0.55	-0.2	1
GCF_009937995.1	10000	-0.75	-0.25	1
GCF_009937995.1	20000	-1.2	-0.4	1
GCF_009938015.1	5000	0.22500000000000003	0.32499999999999996	2
GCF_009938015.1	10000	1.3877787807814457e-17	0.3	2
GCF_009938015.1	20000	-0.19999999999999996	0.19999999999999998	2
GCF_010378095.2	5000	1.75	0.85	1
GCF_010378095.2	10000	1.65	0.8	1
GCF_010378095.2	20000	2.8	0.5	1
GCF_010983895.1	5000	-0.1	-0.05	1
GCF_010983895.1	10000	-0.15	-0.1	1
GCF_010983895.1	20000	-0.3	-0.2	1
GCF_011006175.1	5000	0.0	0.0	1
GCF_011006175.1	10000	-0.05	-0.05	1
GCF_011006175.1	20000	-0.1	-0.1	1
GCF_011068405.5	5000	-0.5375	-0.275	4
GCF_011068405.5	10000	-1.1625	-0.475	4
GCF_011068405.5	20000	-1.7625	-0.0875	4
GCF_011290485.1	5000	0.15000000000000002	0.25	2
GCF_011290485.1	10000	-0.25	-0.025000000000000022	2
GCF_011290485.1	20000	0.10000000000000009	0.25	2
GCF_011388215.1	5000	-0.3	-0.2	1
GCF_011388215.1	10000	-0.35	-0.2	1
GCF_011388215.1	20000	-0.6	-0.35	1
GCF_011516645.4	5000	-0.4166666666666667	-0.25	3
GCF_011516645.4	10000	-0.9	-0.3666666666666667	3
GCF_011516645.4	20000	-1.75	-0.5	3
GCF_011604665.2	5000	-0.025	-0.025	4
GCF_011604665.2	10000	-0.08750000000000001	-0.08750000000000001	4
GCF_011604665.2	20000	-0.125	-0.1125	4
GCF_011764585.1	5000	-0.05	-0.05	2
GCF_011764585.1	10000	-0.05	-0.05	2
GCF_011764585.1	20000	-0.125	-0.1	2
GCF_012295595.1	5000	-0.5	-0.3	1
GCF_012295595.1	10000	-0.65	-0.3	1
GCF_012295595.1	20000	-0.9	-0.4	1
GCF_012689545.1	5000	-0.5	-0.15	1
GCF_012689545.1	10000	-0.65	-0.2	1
GCF_012689545.1	20000	-1.0	-0.3	1
GCF_012932215.1	5000	0.0	0.0	1
GCF_012932215.1	10000	0.0	0.0	1
GCF_012932215.1	20000	-0.05	-0.05	1
GCF_013003965.1	5000	0.0	0.0	3
GCF_013003965.1	10000	-0.016666666666666666	-0.016666666666666666	3
GCF_013003965.1	20000	-0.06666666666666667	-0.06666666666666667	3
GCF_013003985.1	5000	0.0	0.0	3
GCF_013003985.1	10000	-0.016666666666666666	-0.016666666666666666	3
GCF_013003985.1	20000	-0.016666666666666666	-0.016666666666666666	3
GCF_013004065.1	5000	0.0	0.0	1
GCF_013004065.1	10000	0.0	0.0	1
GCF_013004065.1	20000	0.0	0.0	1
GCF_013177635.1	5000	-0.2	-0.1	1
GCF_013177635.1	10000	-0.2	-0.1	1
GCF_013177635.1	20000	0.7	0.85	1
GCF_013177675.1	5000	-0.7	-0.5	1
GCF_013177675.1	10000	-1.2	-0.65	1
GCF_013177675.1	20000	-1.65	-0.75	1
GCF_013201625.1	5000	-0.3	-0.25	1
GCF_013201625.1	10000	-0.35	-0.25	1
GCF_013201625.1	20000	-0.55	-0.3	1
GCF_013201665.1	5000	-0.025	-0.025	2
GCF_013201665.1	10000	-0.05	-0.05	2
GCF_013201665.1	20000	-0.075	-0.05	2
GCF_013201705.1	5000	0.0	0.0	1
GCF_013201705.1	10000	0.0	0.0	1
GCF_013201705.1	20000	-0.05	-0.05	1
GCF_013201725.1	5000	-0.1	-0.1	1
GCF_013201725.1	10000	-0.25	-0.2	1
GCF_013201725.1	20000	-0.25	-0.2	1
GCF_013201825.1	5000	-0.05	-0.05	1
GCF_013201825.1	10000	-0.05	-0.05	1
GCF_013201825.1	20000	-0.1	-0.1	1
GCF_013201935.1	5000	-0.35	-0.25	1
GCF_013201935.1	10000	-0.55	-0.3	1
GCF_013201935.1	20000	-0.95	-0.45	1
GCF_013283835.1	5000	0.0	0.0	1
GCF_013283835.1	10000	0.0	0.0	1
GCF_013283835.1	20000	0.0	0.0	1
GCF_013307225.1	5000	-0.175	-0.125	2
GCF_013307225.1	10000	-0.225	-0.125	2
GCF_013307225.1	20000	-0.225	-0.125	2
GCF_013307245.1	5000	-0.15	-0.05	1
GCF_013307245.1	10000	-0.25	-0.15	1
GCF_013307245.1	20000	-0.35	-0.15	1
GCF_013343005.1	5000	-0.05	-0.05	2
GCF_013343005.1	10000	-0.125	-0.075	2
GCF_013343005.1	20000	-0.3	-0.15000000000000002	2
GCF_013347325.1	5000	-0.1	-0.1	1
GCF_013347325.1	10000	-0.15	-0.15	1
GCF_013347325.1	20000	3.65	0.7	1
GCF_013358405.1	5000	-0.1	-0.1	1
GCF_013358405.1	10000	-0.2	-0.2	1
GCF_013358405.1	20000	-0.35	-0.25	1
GCF_013372265.1	5000	-0.4	-0.3	1
GCF_013372265.1	10000	-0.7	-0.35	1
GCF_013372265.1	20000	1.6	0.5	1
GCF_013752735.1	5000	-0.1375	-0.0625	4
GCF_013752735.1	10000	-0.1875	-0.075	4
GCF_013752735.1	20000	-0.325	-0.15	4
GCF_014126615.1	5000	-0.1	-0.05	1
GCF_014126615.1	10000	-0.35	-0.2	1
GCF_014126615.1	20000	-0.45	-0.3	1
GCF_014337925.2	5000	-0.4	-0.25	1
GCF_014337925.2	10000	-0.85	-0.4	1
GCF_014337925.2	20000	1.7	0.55	1
GCF_014395975.1	5000	-0.1	-0.05	1
GCF_014395975.1	10000	-0.1	-0.05	1
GCF_014395975.1	20000	-0.25	-0.1	1
GCF_014489595.1	5000	-0.05	-0.05	1
GCF_014489595.1	10000	-0.05	-0.05	1
GCF_014489595.1	20000	-0.05	-0.05	1
GCF_014495845.1	5000	-0.25	-0.15	1
GCF_014495845.1	10000	-0.5	-0.35	1
GCF_014495845.1	20000	-0.5	-0.35	1
GCF_014905095.1	5000	-0.016666666666666666	-0.016666666666666666	3
GCF_014905095.1	10000	-0.08333333333333333	-0.08333333333333333	3
GCF_014905095.1	20000	-0.18333333333333335	-0.18333333333333335	3
GCF_014905115.1	5000	-0.65	-0.35	2
GCF_014905115.1	10000	-0.925	-0.55	2
GCF_014905115.1	20000	-0.8999999999999999	-0.325	2
GCF_014905135.1	5000	-0.025	-0.025	2
GCF_014905135.1	10000	-0.075	-0.075	2
GCF_014905135.1	20000	-0.1	-0.1	2
GCF_014931715.1	5000	-0.1	-0.1	2
GCF_014931715.1	10000	-0.15000000000000002	-0.125	2
GCF_014931715.1	20000	-0.375	-0.2	2
GCF_015265455.1	5000	-0.45	-0.2	2
GCF_015265455.1	10000	-0.8500000000000001	-0.3	2
GCF_015265455.1	20000	-1.65	-0.55	2
GCF_015265475.1	5000	-0.125	-0.1	2
GCF_015265475.1	10000	-0.275	-0.25	2
GCF_015265475.1	20000	-0.275	-0.25	2
GCF_015291705.1	5000	0.033333333333333326	0.08333333333333333	6
GCF_015291705.1	10000	0.39999999999999997	0.19166666666666665	6
GCF_015291705.1	20000	0.13333333333333333	0.049999999999999996	6
GCF_015624505.1	5000	-0.03333333333333333	-0.03333333333333333	3
GCF_015624505.1	10000	0.2833333333333333	0.2833333333333333	3
GCF_015624505.1	20000	0.21666666666666667	0.21666666666666667	3
GCF_015689335.1	5000	-0.1	-0.1	1
GCF_015689335.1	10000	-0.1	-0.1	1
GCF_015689335.1	20000	-0.25	-0.2	1
GCF_016250455.1	5000	-0.35	-0.25	1
GCF_016250455.1	10000	-0.75	-0.25	1
GCF_016250455.1	20000	-1.25	-0.35	1
GCF_016584445.1	5000	-0.075	-0.05	2
GCF_016584445.1	10000	-0.15000000000000002	-0.1	2
GCF_016584445.1	20000	-0.15000000000000002	-0.1	2
GCF_016599875.1	5000	-0.175	-0.125	2
GCF_016599875.1	10000	-0.175	-0.125	2
GCF_016599875.1	20000	-0.375	-0.275	2
GCF_016653635.2	5000	-0.15000000000000002	-0.07500000000000001	2
GCF_016653635.2	10000	-0.2	-0.1	2
GCF_016653635.2	20000	0.9249999999999999	0.25	2
GCF_016765655.2	5000	-0.7333333333333334	-0.3	3
GCF_016765655.2	10000	-1.05	-0.3833333333333333	3
GCF_016765655.2	20000	-1.3333333333333333	-0.43333333333333335	3
GCF_016801755.1	5000	0.0	0.0	1
GCF_016801755.1	10000	0.0	0.0	1
GCF_016801755.1	20000	-0.05	-0.05	1
GCF_016806125.1	5000	-0.15	-0.15	1
GCF_016806125.1	10000	-0.15	-0.15	1
GCF_016806125.1	20000	-0.25	-0.25	1
GCF_016806835.2	5000	-0.15000000000000002	-0.125	2
GCF_016806835.2	10000	-0.225	-0.15000000000000002	2
GCF_016806835.2	20000	-0.42500000000000004	-0.275	2
GCF_016807805.1	5000	-0.075	-0.05	2
GCF_016807805.1	10000	-0.2	-0.1	2
GCF_016807805.1	20000	-0.475	-0.15000000000000002	2
GCF_016894385.1	5000	-0.15	-0.15	1
GCF_016894385.1	10000	-0.15	-0.15	1
GCF_016894385.1	20000	-0.2	-0.2	1
GCF_017301335.1	5000	0.0	0.0	1
GCF_017301335.1	10000	0.0	0.0	1
GCF_017301335.1	20000	-0.1	-0.05	1
GCF_017309585.1	5000	-0.05	-0.05	1
GCF_017309585.1	10000	-0.05	-0.05	1
GCF_017309585.1	20000	-0.1	-0.1	1
GCF_017357825.1	5000	-0.08333333333333333	-0.06666666666666667	3
GCF_017357825.1	10000	-0.11666666666666665	-0.09999999999999999	3
GCF_017357825.1	20000	9.25185853854297e-18	0.11666666666666665	3
GCF_017493175.3	5000	-0.15	-0.1	5
GCF_017493175.3	10000	-0.29	-0.13	5
GCF_017493175.3	20000	-0.5700000000000001	-0.25	5
GCF_017498525.1	5000	0.7	0.8	1
GCF_017498525.1	10000	0.44999999999999996	0.65	1
GCF_017498525.1	20000	0.19999999999999996	0.55	1
GCF_017901135.1	5000	-0.19999999999999998	-0.19999999999999998	3
GCF_017901135.1	10000	-0.3333333333333333	-0.2833333333333333	3
GCF_017901135.1	20000	-0.4166666666666667	-0.16666666666666666	3
GCF_017901155.1	5000	-0.4	-0.2	2
GCF_017901155.1	10000	-0.6000000000000001	-0.25	2
GCF_017901155.1	20000	-0.825	-0.375	2
GCF_017901175.1	5000	0.15	0.3	2
GCF_017901175.1	10000	0.5	0.75	2
GCF_017901175.1	20000	-0.15000000000000002	0.525	2
GCF_018243235.1	5000	0.8	0.85	1
GCF_018243235.1	10000	0.65	0.75	1
GCF_018243235.1	20000	0.5	0.7	1
GCF_018279705.1	5000	-0.025	-0.025	2
GCF_018279705.1	10000	-0.07500000000000001	-0.07500000000000001	2
GCF_018279705.1	20000	-0.2	-0.2	2
GCF_018282095.1	5000	0.0	0.0	1
GCF_018282095.1	10000	0.0	0.0	1
GCF_018282095.1	20000	0.95	0.95	1
GCF_018685455.1	5000	0.44999999999999996	0.44999999999999996	2
GCF_018685455.1	10000	0.375	0.39999999999999997	2
GCF_018685455.1	20000	0.35	0.375	2
GCF_018687595.1	5000	-0.07500000000000001	-0.07500000000000001	2
GCF_018687595.1	10000	-0.125	-0.125	2
GCF_018687595.1	20000	-0.175	-0.175	2
GCF_018687955.1	5000	0.0	0.0	2
GCF_018687955.1	10000	0.0	0.0	2
GCF_018687955.1	20000	-0.025	-0.025	2
GCF_018688255.1	5000	-0.075	-0.05	2
GCF_018688255.1	10000	-0.19999999999999998	-0.125	2
GCF_018688255.1	20000	-0.525	-0.3	2
GCF_018736085.1	5000	-0.275	-0.15000000000000002	2
GCF_018736085.1	10000	-0.5	-0.275	2
GCF_018736085.1	20000	0.5	0.425	2
GCF_018853465.2	5000	-0.22500000000000003	0.12500000000000003	2
GCF_018853465.2	10000	-0.625	0.0	2
GCF_018853465.2	20000	-0.675	0.45	2
GCF_019203965.1	5000	0.0	0.35	2
GCF_019203965.1	10000	-0.04999999999999999	0.32499999999999996	2
GCF_019203965.1	20000	-0.575	0.15	2
GCF_019602855.1	5000	-0.1	-0.1	1
GCF_019602855.1	10000	-0.1	-0.1	1
GCF_019602855.1	20000	-0.15	-0.15	1
GCF_019931045.1	5000	-0.3	-0.25	1
GCF_019931045.1	10000	-0.45	-0.25	1
GCF_019931045.1	20000	-0.75	-0.35	1
GCF_019973615.1	5000	-0.05	-0.05	1
GCF_019973615.1	10000	-0.1	-0.1	1
GCF_019973615.1	20000	-0.15	-0.1	1
GCF_020080045.1	5000	-0.2	-0.15	1
GCF_020080045.1	10000	-0.35	-0.2	1
GCF_020080045.1	20000	-0.75	-0.4	1
GCF_020162115.1	5000	-0.375	-0.275	2
GCF_020162115.1	10000	-0.525	-0.30000000000000004	2
GCF_020162115.1	20000	-0.42500000000000004	-0.024999999999999967	2
GCF_020510525.1	5000	-0.1	-0.1	2
GCF_020510525.1	10000	-0.30000000000000004	-0.22499999999999998	2
GCF_020510525.1	20000	-0.175	0.09999999999999998	2
GCF_020510565.1	5000	-0.125	-0.1	2
GCF_020510565.1	10000	-0.15000000000000002	-0.1	2
GCF_020510565.1	20000	-0.275	-0.2	2
GCF_020865585.1	5000	-0.05	-0.05	2
GCF_020865585.1	10000	-0.1	-0.1	2
GCF_020865585.1	20000	-0.35	-0.275	2
GCF_020886175.1	5000	-0.125	-0.07500000000000001	2
GCF_020886175.1	10000	-0.25	-0.15000000000000002	2
GCF_020886175.1	20000	-0.425	-0.22499999999999998	2
GCF_020911965.1	5000	-0.13333333333333333	-0.10000000000000002	3
GCF_020911965.1	10000	-0.18333333333333335	-0.15	3
GCF_020911965.1	20000	0.3833333333333333	0.4333333333333333	3
GCF_021044585.1	5000	-0.016666666666666666	-0.016666666666666666	3
GCF_021044585.1	10000	-0.03333333333333333	-0.03333333333333333	3
GCF_021044585.1	20000	-0.05000000000000001	-0.05000000000000001	3
GCF_021044685.1	5000	-0.275	-0.2	2
GCF_021044685.1	10000	-0.55	-0.275	2
GCF_021044685.1	20000	-0.825	-0.4	2
GCF_021049305.1	5000	-0.15	-0.15	1
GCF_021049305.1	10000	-0.2	-0.2	1
GCF_021049305.1	20000	-0.3	-0.25	1
GCF_021088345.1	5000	-0.075	-0.0625	4
GCF_021088345.1	10000	0.09999999999999998	0.11249999999999998	4
GCF_021088345.1	20000	0.024999999999999994	0.05000000000000002	4
GCF_021165955.1	5000	-0.15	-0.1	2
GCF_021165955.1	10000	-0.2	-0.1	2
GCF_021165955.1	20000	1.075	0.325	2
GCF_021173085.2	5000	-0.1	-0.1	1
GCF_021173085.2	10000	-0.15	-0.1	1
GCF_021173085.2	20000	-0.2	-0.15	1
GCF_021228795.1	5000	0.29	0.4	5
GCF_021228795.1	10000	0.54	0.26	5
GCF_021228795.1	20000	0.14999999999999997	0.030000000000000006	5
GCF_021249385.1	5000	-0.35	-0.15000000000000002	2
GCF_021249385.1	10000	-0.7	-0.3	2
GCF_021249385.1	20000	-1.375	-0.35	2
GCF_021391315.1	5000	-0.6	-0.25	1
GCF_021391315.1	10000	-0.8	-0.3	1
GCF_021391315.1	20000	-1.25	-0.45	1
GCF_021650935.1	5000	-0.19999999999999998	-0.18333333333333335	3
GCF_021650935.1	10000	-0.31666666666666665	-0.2333333333333333	3
GCF_021650935.1	20000	-0.6333333333333333	-0.4166666666666667	3
GCF_022533465.1	5000	-0.075	-0.025	2
GCF_022533465.1	10000	0.24999999999999997	0.35	2
GCF_022533465.1	20000	1.525	0.32499999999999996	2
GCF_022788655.1	5000	0.0	0.0	1
GCF_022788655.1	10000	-0.05	-0.05	1
GCF_022788655.1	20000	-0.25	-0.15	1
GCF_022811525.1	5000	0.0	0.0	1
GCF_022811525.1	10000	0.0	0.0	1
GCF_022811525.1	20000	0.0	0.0	1
GCF_022846375.1	5000	-0.4	-0.4	1
GCF_022846375.1	10000	-0.55	-0.4	1
GCF_022846375.1	20000	1.3	0.5	1
GCF_023278185.1	5000	-0.31666666666666665	-0.18333333333333335	3
GCF_023278185.1	10000	-0.4666666666666666	-0.21666666666666667	3
GCF_023278185.1	20000	-0.45	-0.05000000000000001	3
GCF_023733635.1	5000	-0.05000000000000001	-0.05000000000000001	3
GCF_023733635.1	10000	-0.09999999999999999	-0.09999999999999999	3
GCF_023733635.1	20000	-0.26666666666666666	-0.16666666666666666	3
GCF_023734135.1	5000	-1.05	-0.35	1
GCF_023734135.1	10000	-1.4	-0.5	1
GCF_023734135.1	20000	-0.8999999999999999	0.44999999999999996	1
GCF_024206795.1	5000	-0.1	-0.1	2
GCF_024206795.1	10000	-0.2	-0.2	2
GCF_024206795.1	20000	0.6749999999999999	0.25	2
GCF_024267655.1	5000	-0.05	-0.05	1
GCF_024267655.1	10000	-0.1	-0.1	1
GCF_024267655.1	20000	0.85	0.85	1
GCF_024347195.1	5000	0.0	0.0	1
GCF_024347195.1	10000	0.0	0.0	1
GCF_024347195.1	20000	-0.05	-0.05	1
GCF_024347215.1	5000	0.5	0.5	2
GCF_024347215.1	10000	0.44999999999999996	0.44999999999999996	2
GCF_024347215.1	20000	1.425	0.44999999999999996	2
GCF_024347275.1	5000	-0.05	-0.05	1
GCF_024347275.1	10000	-0.05	-0.05	1
GCF_024347275.1	20000	-0.05	-0.05	1
GCF_024662015.1	5000	-0.05	-0.05	1
GCF_024662015.1	10000	-0.05	-0.05	1
GCF_024662015.1	20000	-0.05	-0.05	1
GCF_024704525.1	5000	-0.05	-0.05	1
GCF_024704525.1	10000	-0.15	-0.1	1
GCF_024704525.1	20000	-0.15	-0.1	1
GCF_024925465.1	5000	-0.050000000000000044	0.65	1
GCF_024925465.1	10000	0.7	0.44999999999999996	1
GCF_024925465.1	20000	0.9500000000000002	0.19999999999999996	1
GCF_025137635.1	5000	0.0	0.0	1
GCF_025137635.1	10000	0.0	0.0	1
GCF_025137635.1	20000	-0.05	-0.05	1
GCF_025139665.1	5000	-0.025	-0.025	2
GCF_025139665.1	10000	-0.1	-0.07500000000000001	2
GCF_025139665.1	20000	0.55	0.32499999999999996	2
GCF_025200885.1	5000	-0.037500000000000006	-0.037500000000000006	4
GCF_025200885.1	10000	-0.0875	-0.075	4
GCF_025200885.1	20000	-0.025000000000000015	0.07499999999999998	4
GCF_025200905.1	5000	-0.275	-0.175	2
GCF_025200905.1	10000	-0.4	-0.2	2
GCF_025200905.1	20000	-0.625	-0.225	2
GCF_025639885.1	5000	0.0	0.0	1
GCF_025639885.1	10000	-0.1	-0.1	1
GCF_025639885.1	20000	-0.1	-0.1	1
GCF_025857195.1	5000	-0.35	-0.1	1
GCF_025857195.1	10000	-0.35	-0.1	1
GCF_025857195.1	20000	-0.35	-0.1	1
GCF_025916135.1	5000	-0.05	-0.05	1
GCF_025916135.1	10000	-0.1	-0.1	1
GCF_025916135.1	20000	-0.35	-0.15	1
GCF_026013905.1	5000	-0.05	-0.025	2
GCF_026013905.1	10000	-0.05	-0.025	2
GCF_026013905.1	20000	-0.15	-0.1	2
GCF_026191725.2	5000	0.0	0.0	1
GCF_026191725.2	10000	0.0	0.0	1
GCF_026191725.2	20000	0.0	0.0	1
GCF_026210475.1	5000	-0.1	-0.05	1
GCF_026210475.1	10000	-0.15	-0.1	1
GCF_026210475.1	20000	-0.2	-0.15	1
GCF_026409565.1	5000	-0.15	-0.05	1
GCF_026409565.1	10000	-0.25	-0.1	1
GCF_026409565.1	20000	-0.45	-0.15	1
GCF_026427635.1	5000	0.0	0.0	1
GCF_026427635.1	10000	-0.1	-0.1	1
GCF_026427635.1	20000	-0.1	-0.1	1
GCF_026898155.1	5000	-0.2	-0.15000000000000002	2
GCF_026898155.1	10000	-0.375	-0.25	2
GCF_026898155.1	20000	-0.6	-0.375	2
GCF_027594865.1	5000	-0.03333333333333333	-0.016666666666666666	3
GCF_027594865.1	10000	-0.03333333333333333	-0.016666666666666666	3
GCF_027594865.1	20000	-0.15	-0.09999999999999999	3
GCF_027923555.1	5000	-1.55	-0.4	1
GCF_027923555.1	10000	-1.4500000000000002	0.30000000000000004	1
GCF_027923555.1	20000	0.20000000000000018	0.19999999999999996	1
GCF_027924165.1	5000	-0.025	-0.025	2
GCF_027924165.1	10000	-0.025	-0.025	2
GCF_027924165.1	20000	-0.025	-0.025	2
GCF_027943725.1	5000	-0.05	-0.05	1
GCF_027943725.1	10000	-0.1	-0.1	1
GCF_027943725.1	20000	-0.1	-0.1	1
GCF_027946175.1	5000	-0.25	-0.22499999999999998	2
GCF_027946175.1	10000	-0.275	-0.25	2
GCF_027946175.1	20000	-0.7	-0.425	2
GCF_028215975.1	5000	-0.1	-0.1	1
GCF_028215975.1	10000	-0.1	-0.1	1
GCF_028215975.1	20000	-0.35	-0.25	1
GCF_028553745.1	5000	-0.2	-0.15	1
GCF_028553745.1	10000	-0.25	-0.15	1
GCF_028553745.1	20000	-0.5	-0.35	1
GCF_028553805.1	5000	-0.15	-0.1	1
GCF_028553805.1	10000	-0.2	-0.15	1
GCF_028553805.1	20000	-0.35	-0.25	1
GCF_028885395.1	5000	-0.3	-0.15	1
GCF_028885395.1	10000	-0.45	-0.25	1
GCF_028885395.1	20000	-1.05	-0.5	1
GCF_029030725.1	5000	-0.075	-0.075	2
GCF_029030725.1	10000	-0.075	-0.075	2
GCF_029030725.1	20000	-0.15	-0.125	2
GCF_029318635.1	5000	0.0	0.0	1
GCF_029318635.1	10000	0.0	0.0	1
GCF_029318635.1	20000	-0.2	-0.15	1
GCF_029714345.1	5000	-0.06666666666666667	-0.06666666666666667	3
GCF_029714345.1	10000	0.16666666666666666	0.16666666666666666	3
GCF_029714345.1	20000	0.01666666666666668	0.03333333333333336	3
GCF_029714545.1	5000	-0.11666666666666665	-0.08333333333333333	3
GCF_029714545.1	10000	-0.18333333333333335	-0.09999999999999999	3
GCF_029714545.1	20000	-0.2833333333333334	-0.16666666666666666	3
GCF_029853695.1	5000	0.0	0.0	1
GCF_029853695.1	10000	0.0	0.0	1
GCF_029853695.1	20000	0.0	0.0	1
GCF_029854435.1	5000	0.0	0.0	1
GCF_029854435.1	10000	0.0	0.0	1
GCF_029854435.1	20000	-0.1	-0.05	1
GCF_029909795.1	5000	-0.6	-0.15	1
GCF_029909795.1	10000	-0.75	-0.2	1
GCF_029909795.1	20000	-1.2	-0.35	1
GCF_029953595.1	5000	0.0	0.0	1
GCF_029953595.1	10000	-0.05	-0.05	1
GCF_029953595.1	20000	-0.15	-0.05	1
GCF_029958925.1	5000	-0.25	-0.15	1
GCF_029958925.1	10000	-0.45	-0.2	1
GCF_029958925.1	20000	-0.7	-0.25	1
GCF_030254645.1	5000	-0.05	-0.05	1
GCF_030254645.1	10000	-0.1	-0.1	1
GCF_030254645.1	20000	-0.1	-0.1	1
GCF_030285785.1	5000	-0.3	-0.2	1
GCF_030285785.1	10000	-0.4	-0.25	1
GCF_030285785.1	20000	0.0	0.65	1
GCF_030296055.1	5000	0.8	0.8	1
GCF_030296055.1	10000	0.8	0.8	1
GCF_030296055.1	20000	0.75	0.75	1
GCF_030407165.1	5000	-0.05	-0.05	1
GCF_030407165.1	10000	-0.1	-0.05	1
GCF_030407165.1	20000	-0.2	-0.1	1
GCF_030413175.1	5000	-0.06666666666666667	-0.049999999999999996	3
GCF_030413175.1	10000	-0.13333333333333333	-0.06666666666666667	3
GCF_030413175.1	20000	0.3333333333333333	0.21666666666666665	3
GCF_030863885.1	5000	0.30000000000000004	0.4	2
GCF_030863885.1	10000	1.1	0.3	2
GCF_030863885.1	20000	1.4249999999999998	0.2	2
GCF_032397745.1	5000	-0.225	-0.225	2
GCF_032397745.1	10000	-0.375	-0.25	2
GCF_032397745.1	20000	-0.45	-0.3	2
GCF_032842945.2	5000	0.0	0.0	1
GCF_032842945.2	10000	1.0	1.0	1
GCF_032842945.2	20000	3.7	0.85	1
GCF_032850805.1	5000	-0.475	-0.325	2
GCF_032850805.1	10000	-0.2	0.09999999999999998	2
GCF_032850805.1	20000	-0.2	0.45	2
GCF_033100095.1	5000	-0.375	-0.2	2
GCF_033100095.1	10000	-0.625	-0.3	2
GCF_033100095.1	20000	-0.975	-0.42500000000000004	2
GCF_033723955.1	5000	0.0	0.0	1
GCF_033723955.1	10000	-0.05	-0.05	1
GCF_033723955.1	20000	-0.05	-0.05	1
GCF_033954455.1	5000	-0.5	-0.225	2
GCF_033954455.1	10000	-0.725	-0.32499999999999996	2
GCF_033954455.1	20000	-1.075	-0.4	2
GCF_033971325.1	5000	-0.075	-0.075	2
GCF_033971325.1	10000	-0.125	-0.125	2
GCF_033971325.1	20000	0.19999999999999998	0.25	2
GCF_034371605.1	5000	-0.15	-0.05	1
GCF_034371605.1	10000	-0.2	-0.05	1
GCF_034371605.1	20000	-0.4	-0.15	1
GCF_034376865.1	5000	-0.25	-0.2	1
GCF_034376865.1	10000	-0.35	-0.25	1
GCF_034376865.1	20000	-0.6	-0.3	1
GCF_034423775.1	5000	-0.1	-0.1	1
GCF_034423775.1	10000	-0.15	-0.15	1
GCF_034423775.1	20000	-0.3	-0.2	1
GCF_034479635.1	5000	-0.016666666666666666	-0.016666666666666666	3
GCF_034479635.1	10000	-0.03333333333333333	-0.03333333333333333	3
GCF_034479635.1	20000	-0.06666666666666667	-0.06666666666666667	3
GCF_034555965.2	5000	0.0	0.0	1
GCF_034555965.2	10000	0.0	0.0	1
GCF_034555965.2	20000	-0.2	-0.15	1
GCF_035621355.1	5000	0.0	0.0	1
GCF_035621355.1	10000	-0.1	-0.1	1
GCF_035621355.1	20000	-0.15	-0.15	1
GCF_036323495.1	5000	-0.15	-0.05	1
GCF_036323495.1	10000	-0.15	-0.05	1
GCF_036323495.1	20000	-0.15	-0.05	1
GCF_037101365.1	5000	-0.1	-0.05	1
GCF_037101365.1	10000	-0.1	-0.05	1
GCF_037101365.1	20000	-0.1	-0.05	1
GCF_038368255.1	5000	-0.1	-0.05	2
GCF_038368255.1	10000	-0.25	-0.125	2
GCF_038368255.1	20000	-0.45	-0.19999999999999998	2
GCF_038443675.1	5000	-0.15	-0.1	1
GCF_038443675.1	10000	-0.15	-0.1	1
GCF_038443675.1	20000	-0.15	-0.1	1
GCF_039619325.1	5000	-0.1	-0.1	1
GCF_039619325.1	10000	-0.1	-0.1	1
GCF_039619325.1	20000	1.65	0.8	1
GCF_039645565.1	5000	-0.05000000000000001	-0.05000000000000001	3
GCF_039645565.1	10000	-0.05000000000000001	-0.05000000000000001	3
GCF_039645565.1	20000	-0.05000000000000001	-0.05000000000000001	3
GCF_039645585.1	5000	0.0	0.0	3
GCF_039645585.1	10000	0.0	0.0	3
GCF_039645585.1	20000	-0.05000000000000001	-0.05000000000000001	3
GCF_039645955.1	5000	0.0	0.0	3
GCF_039645955.1	10000	-0.03333333333333333	-0.016666666666666666	3
GCF_039645955.1	20000	-0.11666666666666665	-0.06666666666666667	3
GCF_039645965.1	5000	-0.07500000000000001	-0.07500000000000001	2
GCF_039645965.1	10000	-0.07500000000000001	-0.07500000000000001	2
GCF_039645965.1	20000	-0.175	-0.15	2
GCF_039645985.1	5000	0.0	0.0	1
GCF_039645985.1	10000	0.0	0.0	1
GCF_039645985.1	20000	-0.1	-0.1	1
GCF_039645995.1	5000	0.0	0.0	3
GCF_039645995.1	10000	-0.016666666666666666	-0.016666666666666666	3
GCF_039645995.1	20000	-0.05000000000000001	-0.05000000000000001	3
GCF_039724765.1	5000	0.0	0.0	1
GCF_039724765.1	10000	0.0	0.0	1
GCF_039724765.1	20000	2.0	1.0	1
GCF_040269895.1	5000	0.0	0.0	1
GCF_040269895.1	10000	0.0	0.0	1
GCF_040269895.1	20000	0.0	0.0	1
GCF_040409955.1	5000	0.0	0.0	1
GCF_040409955.1	10000	-0.05	-0.05	1
GCF_040409955.1	20000	-0.2	-0.1	1
GCF_040580765.1	5000	-0.375	-0.15000000000000002	2
GCF_040580765.1	10000	-0.65	-0.325	2
GCF_040580765.1	20000	-1.0499999999999998	-0.425	2
GCF_040790665.1	5000	0.0	0.0	1
GCF_040790665.1	10000	0.0	0.0	1
GCF_040790665.1	20000	-0.1	-0.1	1
GCF_041200145.1	5000	-0.16666666666666666	-0.11666666666666665	3
GCF_041200145.1	10000	-0.21666666666666665	-0.15	3
GCF_041200145.1	20000	-0.06666666666666665	0.05000000000000001	3
GCF_041378895.1	5000	0.0	0.0	2
GCF_041378895.1	10000	-0.025	-0.025	2
GCF_041378895.1	20000	-0.05	-0.05	2
GCF_042019905.1	5000	-0.05000000000000001	-0.03333333333333333	3
GCF_042019905.1	10000	-0.08333333333333333	-0.06666666666666667	3
GCF_042019905.1	20000	-0.13333333333333333	-0.08333333333333333	3
GCF_042214795.1	5000	-0.2	-0.2	1
GCF_042214795.1	10000	-0.2	-0.2	1
GCF_042214795.1	20000	-0.2	-0.2	1
GCF_044772865.1	5000	-0.2	-0.15	1
GCF_044772865.1	10000	-0.2	-0.15	1
GCF_044772865.1	20000	-0.3	-0.15	1
GCF_045016065.1	5000	-0.05	-0.05	1
GCF_045016065.1	10000	-0.05	-0.05	1
GCF_045016065.1	20000	-0.3	-0.2	1
GCF_045277565.1	5000	-0.2	-0.1	1
GCF_045277565.1	10000	-0.2	-0.1	1
GCF_045277565.1	20000	-0.25	-0.15	1
GCF_045571495.1	5000	0.0	0.0	2
GCF_045571495.1	10000	0.0	0.0	2
GCF_045571495.1	20000	-0.15000000000000002	-0.125	2
GCF_045689235.1	5000	-0.15	-0.05	1
GCF_045689235.1	10000	-0.15	-0.05	1
GCF_045689235.1	20000	-0.25	-0.1	1
GCF_045689245.1	5000	-0.075	-0.075	2
GCF_045689245.1	10000	-0.075	-0.075	2
GCF_045689245.1	20000	-0.1	-0.1	2
GCF_047114695.1	5000	0.0	0.0	1
GCF_047114695.1	10000	0.0	0.0	1
GCF_047114695.1	20000	0.0	0.0	1
GCF_047222355.1	5000	0.0	0.0	2
GCF_047222355.1	10000	-0.05	-0.05	2
GCF_047222355.1	20000	-0.15	-0.1	2
GCF_047549485.1	5000	-0.1	-0.05	1
GCF_047549485.1	10000	-0.1	-0.05	1
GCF_047549485.1	20000	-0.15	-0.1	1
GCF_047715485.1	5000	-0.1	-0.1	2
GCF_047715485.1	10000	-0.175	-0.175	2
GCF_047715485.1	20000	-0.25	-0.225	2
GCF_047716755.1	5000	0.11666666666666668	0.13333333333333333	3
GCF_047716755.1	10000	-0.13333333333333333	0.04999999999999999	3
GCF_047716755.1	20000	-0.23333333333333336	0.2333333333333333	3
GCF_048300925.1	5000	-0.6	-0.25	1
GCF_048300925.1	10000	-0.75	-0.3	1
GCF_048300925.1	20000	0.0	0.44999999999999996	1
GCF_048320235.1	5000	0.0	0.0	1
GCF_048320235.1	10000	0.0	0.0	1
GCF_048320235.1	20000	-0.1	-0.1	1
GCF_048398245.1	5000	-0.55	-0.3	1
GCF_048398245.1	10000	-0.9	-0.55	1
GCF_048398245.1	20000	-1.3	-0.6	1
GCF_049949285.1	5000	-0.0875	-0.0375	4
GCF_049949285.1	10000	-0.23750000000000002	-0.125	4
GCF_049949285.1	20000	-0.325	-0.15	4
GCF_050626975.1	5000	-0.15	-0.15	1
GCF_050626975.1	10000	-0.35	-0.2	1
GCF_050626975.1	20000	-0.75	-0.35	1
GCF_050749815.1	5000	0.0	0.0	1
GCF_050749815.1	10000	0.0	0.0	1
GCF_050749815.1	20000	0.0	0.0	1
GCF_052492955.1	5000	-0.225	-0.175	2
GCF_052492955.1	10000	-0.475	-0.3	2
GCF_052492955.1	20000	-0.925	-0.425	2
GCF_052921765.1	5000	-0.1	-0.1	1
GCF_052921765.1	10000	-0.1	-0.1	1
GCF_052921765.1	20000	-0.4	-0.25	1
GCF_053570685.1	5000	0.0	0.0	3
GCF_053570685.1	10000	-0.03333333333333333	-0.03333333333333333	3
GCF_053570685.1	20000	0.21666666666666667	0.21666666666666667	3
GCF_053891795.1	5000	-0.1	-0.1	1
GCF_053891795.1	10000	-0.1	-0.1	1
GCF_053891795.1	20000	-0.2	-0.2	1
GCF_053893855.1	5000	-0.3	-0.15	1
GCF_053893855.1	10000	-0.35	-0.2	1
GCF_053893855.1	20000	-0.45	-0.25	1
GCF_054052205.1	5000	-0.3	-0.1	1
GCF_054052205.1	10000	-0.8	-0.2	1
GCF_054052205.1	20000	-1.2	-0.4	1
GCF_054226325.1	5000	0.0	0.0	2
GCF_054226325.1	10000	-0.025	-0.025	2
GCF_054226325.1	20000	-0.075	-0.075	2
GCF_054961475.1	5000	-0.01666666666666668	0.18333333333333335	3
GCF_054961475.1	10000	-0.3333333333333333	0.10000000000000002	3
GCF_054961475.1	20000	-0.6999999999999998	0.06666666666666668	3
GCF_055378705.1	5000	0.32499999999999996	0.32499999999999996	2
GCF_055378705.1	10000	0.0	0.10000000000000003	2
GCF_055378705.1	20000	-0.575	-0.07500000000000001	2
GCF_055379455.1	5000	-0.07500000000000001	-0.07500000000000001	2
GCF_055379455.1	10000	-0.125	-0.1	2
GCF_055379455.1	20000	-0.25	-0.175	2
GCF_055383025.1	5000	-0.03333333333333333	-0.016666666666666666	3
GCF_055383025.1	10000	-0.049999999999999996	-0.03333333333333333	3
GCF_055383025.1	20000	0.8333333333333334	0.5833333333333334	3
GCF_055383445.1	5000	-0.525	-0.30000000000000004	2
GCF_055383445.1	10000	-0.85	-0.325	2
GCF_055383445.1	20000	-1.55	-0.5	2
GCF_055384375.1	5000	-0.45	-0.2	1
GCF_055384375.1	10000	-0.55	-0.2	1
GCF_055384375.1	20000	-0.6	-0.2	1
GCF_055385215.1	5000	0.1	0.175	2
GCF_055385215.1	10000	-0.325	0.024999999999999967	2
GCF_055385215.1	20000	-0.22499999999999998	0.4	2
GCF_055385515.1	5000	-0.15	-0.1	1
GCF_055385515.1	10000	-0.2	-0.15	1
GCF_055385515.1	20000	-0.4	-0.2	1
GCF_055386385.1	5000	0.0	0.0	3
GCF_055386385.1	10000	0.0	0.0	3
GCF_055386385.1	20000	-0.016666666666666666	-0.016666666666666666	3
GCF_055386745.1	5000	-0.1	-0.05	1
GCF_055386745.1	10000	-0.1	-0.05	1
GCF_055386745.1	20000	-0.1	-0.05	1
GCF_055387065.1	5000	0.06250000000000001	0.1125	4
GCF_055387065.1	10000	-0.1375	0.012499999999999983	4
GCF_055387065.1	20000	-0.050000000000000044	0.1	4
GCF_055390195.1	5000	-0.05	-0.05	1
GCF_055390195.1	10000	-0.1	-0.1	1
GCF_055390195.1	20000	-0.25	-0.2	1
GCF_055393575.1	5000	-0.05	-0.05	1
GCF_055393575.1	10000	-0.05	-0.05	1
GCF_055393575.1	20000	0.9	0.9	1
GCF_055396925.1	5000	-0.05	-0.05	1
GCF_055396925.1	10000	-0.05	-0.05	1
GCF_055396925.1	20000	-0.05	-0.05	1
GCF_056716105.1	5000	-0.26666666666666666	-0.13333333333333333	3
GCF_056716105.1	10000	-0.5333333333333333	-0.2333333333333333	3
GCF_056716105.1	20000	-0.7166666666666667	-0.016666666666666646	3
GCF_058747975.1	5000	-0.15	-0.05	1
GCF_058747975.1	10000	-0.25	-0.1	1
GCF_058747975.1	20000	-0.35	-0.15	1
GCF_900096765.1	5000	-0.025	-0.025	2
GCF_900096765.1	10000	-0.025	-0.025	2
GCF_900096765.1	20000	-0.025	-0.025	2
GCF_900130075.1	5000	-0.1	-0.1	1
GCF_900130075.1	10000	-0.1	-0.1	1
GCF_900130075.1	20000	-0.15	-0.1	1
GCF_900142435.1	5000	0.0	0.0	1
GCF_900142435.1	10000	0.0	0.0	1
GCF_900142435.1	20000	0.0	0.0	1
GCF_900187205.1	5000	-0.05	-0.05	1
GCF_900187205.1	10000	-0.05	-0.05	1
GCF_900187205.1	20000	-0.1	-0.1	1
GCF_900231165.1	5000	-0.175	-0.1	2
GCF_900231165.1	10000	-0.30000000000000004	-0.15	2
GCF_900231165.1	20000	-0.425	-0.2	2
GCF_900250125.1	5000	0.45	0.45	2
GCF_900250125.1	10000	0.35	0.375	2
GCF_900250125.1	20000	0.15	0.32499999999999996	2
GCF_900324035.1	5000	-0.30000000000000004	-0.2	2
GCF_900324035.1	10000	-0.09999999999999998	0.175	2
GCF_900324035.1	20000	-0.675	0.024999999999999967	2
GCF_964020785.1	5000	-0.06666666666666667	-0.05000000000000001	3
GCF_964020785.1	10000	-0.19999999999999998	-0.15	3
GCF_964020785.1	20000	-0.2833333333333333	-0.19999999999999998	3
GCF_964332355.1	5000	-0.05000000000000001	-0.03333333333333333	3
GCF_964332355.1	10000	-0.13333333333333333	-0.06666666666666667	3
GCF_964332355.1	20000	-0.21666666666666665	-0.15	3
GCF_964341695.1	5000	-0.55	-0.25	1
GCF_964341695.1	10000	-1.3	-0.45	1
GCF_964341695.1	20000	-2.05	-0.6	1
