assembly_accession	window_bp	span_abs_gc_difference	local_abs_gc_difference	clusters
GCF_000006985.1	5000	-0.018691597154174424	-0.0061620551101608575	1
GCF_000006985.1	10000	-0.018691597154174424	-0.0031557238131398766	1
GCF_000006985.1	20000	-0.018691597154174424	0.011615431988766389	1
GCF_000008625.1	5000	0.015147501628080397	-0.01151690046201485	1
GCF_000008625.1	10000	0.015147501628080397	-0.008685750139000562	1
GCF_000008625.1	20000	0.015147501628080397	-0.002762496763273006	1
GCF_000011965.2	5000	-0.01947560749119385	-0.015756055641066573	1
GCF_000011965.2	10000	-0.01947560749119385	-0.013996166298474088	1
GCF_000011965.2	20000	-0.01947560749119385	-0.0032733127013559126	1
GCF_000012965.1	5000	0.005530458830378615	-0.0010349119775985927	2
GCF_000012965.1	10000	0.005530458830378615	0.008823672585122627	2
GCF_000012965.1	20000	0.005530458830378615	0.007230798928890159	2
GCF_000013885.1	5000	-0.007367426230428486	-0.009594635551290231	2
GCF_000013885.1	10000	-0.007367426230428486	-0.005030628568600546	2
GCF_000013885.1	20000	-0.007367426230428486	-0.007645540701298387	2
GCF_000014025.1	5000	0.02440496169901617	-0.003203481422400699	1
GCF_000014025.1	10000	0.02440496169901617	-0.005346185271422501	1
GCF_000014025.1	20000	0.02440496169901617	-0.006135449897696124	1
GCF_000014865.1	5000	-0.015524438660839043	0.0039700851379656215	3
GCF_000014865.1	10000	-0.015524438660839043	0.008556081941575517	3
GCF_000014865.1	20000	-0.015524438660839043	0.0013952322744745244	3
GCF_000015585.1	5000	-0.025695215807051457	-0.02112171090536303	1
GCF_000015585.1	10000	-0.025695215807051457	-0.013165644382620894	1
GCF_000015585.1	20000	-0.025695215807051457	-0.006200948824211794	1
GCF_000015725.1	5000	-0.008991492483622169	-0.004309845978217122	4
GCF_000015725.1	10000	-0.008991492483622169	-0.004588346180747537	4
GCF_000015725.1	20000	-0.008991492483622169	0.0006362111631311755	4
GCF_000016345.1	5000	-0.0016116805141833989	0.005255463134605852	2
GCF_000016345.1	10000	-0.0016116805141833989	0.005474739565786249	2
GCF_000016345.1	20000	-0.0016116805141833989	-0.002680904862273359	2
GCF_000018145.1	5000	-0.01790642144084581	-0.01254641347726856	2
GCF_000018145.1	10000	-0.01790642144084581	-0.010276464474374348	2
GCF_000018145.1	20000	-0.01790642144084581	-0.0013808650679071575	2
GCF_000019785.1	5000	0.015488161913582313	-0.009269385998377039	2
GCF_000019785.1	10000	0.015488161913582313	-0.002992067016121297	2
GCF_000019785.1	20000	0.015488161913582313	-0.0003492102479111716	2
GCF_000019945.1	5000	0.013207770124394813	0.024395622258707044	1
GCF_000019945.1	10000	0.013207770124394813	0.0073446287132236995	1
GCF_000019945.1	20000	0.013207770124394813	0.002839466121622175	1
GCF_000020505.1	5000	-0.0096270486925499	0.01931101962622277	1
GCF_000020505.1	10000	-0.0096270486925499	-0.002740479218704328	1
GCF_000020505.1	20000	-0.0096270486925499	-0.0030545736205765174	1
GCF_000020645.1	5000	0.011491227962443982	0.016040940269573613	2
GCF_000020645.1	10000	0.011491227962443982	0.01582745056371361	2
GCF_000020645.1	20000	0.011491227962443982	0.005649919926666996	2
GCF_000021545.1	5000	0.02674776910119563	0.014671876215483498	1
GCF_000021545.1	10000	0.02674776910119563	-0.0006980424264662749	1
GCF_000021545.1	20000	0.02674776910119563	-0.0007132209658376298	1
GCF_000021565.1	5000	0.022972618357095034	-0.0029097174079296324	1
GCF_000021565.1	10000	0.022972618357095034	-0.006402823913615274	1
GCF_000021565.1	20000	0.022972618357095034	-0.0014999997212482824	1
GCF_000021985.1	5000	0.00484174434579516	0.009191744854406053	4
GCF_000021985.1	10000	0.00484174434579516	0.0018229736311019139	4
GCF_000021985.1	20000	0.00484174434579516	0.0027355427140110106	4
GCF_000022145.1	5000	-0.002289635148838909	0.0009329484218990435	1
GCF_000022145.1	10000	-0.002289635148838909	-0.003806386399414774	1
GCF_000022145.1	20000	-0.002289635148838909	-0.005379189953642593	1
GCF_000024425.1	5000	-0.01855056505177268	-0.01320747504235032	1
GCF_000024425.1	10000	-0.01855056505177268	-0.010333814792466017	1
GCF_000024425.1	20000	-0.01855056505177268	-0.006723180898480135	1
GCF_000024765.1	5000	0.004959644246984969	-0.009322011418640284	3
GCF_000024765.1	10000	0.004959644246984969	-0.007763438007356506	3
GCF_000024765.1	20000	0.004959644246984969	-0.006459177014293268	3
GCF_000025485.1	5000	-0.02603946063425093	-0.018408182197962145	2
GCF_000025485.1	10000	-0.02603946063425093	-0.011276846931847008	2
GCF_000025485.1	20000	-0.02603946063425093	-0.007750559198112408	2
GCF_000025605.1	5000	-0.008065355250659174	-0.017181428272865125	1
GCF_000025605.1	10000	-0.008065355250659174	-0.0089189574904416	1
GCF_000025605.1	20000	-0.008065355250659174	-0.0015705753395262312	1
GCF_000025705.1	5000	0.009847449306095917	0.016701423186701453	1
GCF_000025705.1	10000	0.009847449306095917	0.011499729278329363	1
GCF_000025705.1	20000	0.009847449306095917	0.012634748871162477	1
GCF_000069785.1	5000	0.007635088866380049	-0.0006934260342020548	2
GCF_000069785.1	10000	0.007635088866380049	0.00347477775620306	2
GCF_000069785.1	20000	0.007635088866380049	0.007959743495719809	2
GCF_000083545.1	5000	0.008843083327143399	0.0074849088150125255	2
GCF_000083545.1	10000	0.008843083327143399	0.010085842873450292	2
GCF_000083545.1	20000	0.008843083327143399	0.007898870764402904	2
GCF_000091545.1	5000	0.0029393374735269652	-0.003442062801618484	1
GCF_000091545.1	10000	0.0029393374735269652	-0.0017585748229874242	1
GCF_000091545.1	20000	0.0029393374735269652	-0.0031592252558217794	1
GCF_000092125.1	5000	0.0006900007239331679	0.0057606647944601075	2
GCF_000092125.1	10000	0.0006900007239331679	0.011444513886638702	2
GCF_000092125.1	20000	0.0006900007239331679	0.01663333240483155	2
GCF_000092245.1	5000	0.02403248540258363	0.0007240273932684227	1
GCF_000092245.1	10000	0.02403248540258363	-0.0009166179101203431	1
GCF_000092245.1	20000	0.02403248540258363	-0.0012426888913446565	1
GCF_000092925.1	5000	0.004058325160810214	-0.003413497711115576	2
GCF_000092925.1	10000	0.004058325160810214	-0.003039948696585984	2
GCF_000092925.1	20000	0.004058325160810214	-0.0035846167333164146	2
GCF_000143145.1	5000	-0.0025740538902658725	0.0004070272808875342	3
GCF_000143145.1	10000	-0.0025740538902658725	0.0003035331291674154	3
GCF_000143145.1	20000	-0.0025740538902658725	0.004432220207116258	3
GCF_000147355.1	5000	-0.002973885106858279	-0.004199115106842899	2
GCF_000147355.1	10000	-0.002973885106858279	-0.0029388121365778188	2
GCF_000147355.1	20000	-0.002973885106858279	-0.001040123937644169	2
GCF_000153125.2	5000	-0.020816225771612167	-0.004358931209832506	1
GCF_000153125.2	10000	-0.020816225771612167	-0.014219028597246969	1
GCF_000153125.2	20000	-0.020816225771612167	-0.012632054747659072	1
GCF_000154705.2	5000	-0.010156186261282318	-0.0033073324063886355	1
GCF_000154705.2	10000	-0.010156186261282318	-0.010812835158762846	1
GCF_000154705.2	20000	-0.010156186261282318	-0.0038956823801833463	1
GCF_000154785.2	5000	-0.016164897907580005	-0.01304637042993686	1
GCF_000154785.2	10000	-0.016164897907580005	-0.011043135394226244	1
GCF_000154785.2	20000	-0.016164897907580005	-0.0018204498142021352	1
GCF_000158095.2	5000	-0.010974212285719492	-0.007701558605049008	1
GCF_000158095.2	10000	-0.010974212285719492	-0.007511334929189889	1
GCF_000158095.2	20000	-0.010974212285719492	-0.0025775289595385996	1
GCF_000164905.1	5000	0.02504302497326626	-0.0013959332155195985	1
GCF_000164905.1	10000	0.02504302497326626	-0.0026408111652923864	1
GCF_000164905.1	20000	0.02504302497326626	-0.00452013094502951	1
GCF_000183725.1	5000	-0.016648517840547418	-0.0130817813117141	1
GCF_000183725.1	10000	-0.016648517840547418	-0.008674464213906538	1
GCF_000183725.1	20000	-0.016648517840547418	0.005154333336713163	1
GCF_000186245.1	5000	-0.0067847173369965375	-0.008481671671397586	1
GCF_000186245.1	10000	-0.0067847173369965375	-0.0017850606601784419	1
GCF_000186245.1	20000	-0.0067847173369965375	-0.0022143820289565906	1
GCF_000192745.1	5000	-0.010933824230236843	-0.013001981864246708	1
GCF_000192745.1	10000	-0.010933824230236843	-0.0013184841047021334	1
GCF_000192745.1	20000	-0.010933824230236843	-0.002801084238470358	1
GCF_000202835.1	5000	-0.008185811384860514	-0.003234045129774171	1
GCF_000202835.1	10000	-0.008185811384860514	-0.007206918684638431	1
GCF_000202835.1	20000	-0.008185811384860514	-0.011240616896944278	1
GCF_000214275.2	5000	-0.01189539883659631	0.002814745433989277	2
GCF_000214275.2	10000	-0.01189539883659631	0.005655546349955687	2
GCF_000214275.2	20000	-0.01189539883659631	-0.0008385628870839657	2
GCF_000215705.1	5000	0.006287199722337583	0.005650547226216274	1
GCF_000215705.1	10000	0.006287199722337583	0.0021512302949768134	1
GCF_000215705.1	20000	0.006287199722337583	-0.004123783723294977	1
GCF_000218565.1	5000	0.02392814814535533	0.020907372538015705	1
GCF_000218565.1	10000	0.02392814814535533	0.010470485904714217	1
GCF_000218565.1	20000	0.02392814814535533	-0.0004180712233958772	1
GCF_000219215.1	5000	0.008648254301055874	0.009291231534415925	2
GCF_000219215.1	10000	0.008648254301055874	0.01360280776302627	2
GCF_000219215.1	20000	0.008648254301055874	0.010904338916227968	2
GCF_000219915.2	5000	0.0088205729752916	-0.005947464347639177	4
GCF_000219915.2	10000	0.0088205729752916	-0.006811424582996936	4
GCF_000219915.2	20000	0.0088205729752916	-0.0015999321267583084	4
GCF_000221025.1	5000	0.022352648049705062	-0.00934815343263653	2
GCF_000221025.1	10000	0.022352648049705062	-0.009383530577296817	2
GCF_000221025.1	20000	0.022352648049705062	-0.013748446727015692	2
GCF_000224005.2	5000	-0.010228958922846698	-0.015027073426572987	2
GCF_000224005.2	10000	-0.010228958922846698	-0.010592516393662885	2
GCF_000224005.2	20000	-0.010228958922846698	-0.003922551330887497	2
GCF_000227685.2	5000	-0.0010397793676908686	-0.008565873291091734	3
GCF_000227685.2	10000	-0.0010397793676908686	-0.006991290032076968	3
GCF_000227685.2	20000	-0.0010397793676908686	-0.0028137229419101573	3
GCF_000227745.2	5000	-0.006275366048173323	-0.0002997916354416004	3
GCF_000227745.2	10000	-0.006275366048173323	-0.0029784947879286424	3
GCF_000227745.2	20000	-0.006275366048173323	-0.006106207625256997	3
GCF_000242915.1	5000	0.009750266486153533	-0.009677584029738999	2
GCF_000242915.1	10000	0.009750266486153533	-0.00926617693383618	2
GCF_000242915.1	20000	0.009750266486153533	-0.007124240262998143	2
GCF_000253115.1	5000	0.058332330990533886	0.02660509860397991	1
GCF_000253115.1	10000	0.058332330990533886	0.012056647074406202	1
GCF_000253115.1	20000	0.058332330990533886	0.008628904294916662	1
GCF_000284275.1	5000	-0.01599402371706664	-0.007832818432152557	3
GCF_000284275.1	10000	-0.01599402371706664	-0.002099827587664125	3
GCF_000284275.1	20000	-0.01599402371706664	-0.0054369698288709726	3
GCF_000297055.2	5000	-0.0007057032949027098	0.00823429568540272	1
GCF_000297055.2	10000	-0.0007057032949027098	0.03669145322832505	1
GCF_000297055.2	20000	-0.0007057032949027098	0.022134183359535632	1
GCF_000309885.1	5000	0.008434156768768835	0.00261658368793975	1
GCF_000309885.1	10000	0.008434156768768835	0.0003345180280280802	1
GCF_000309885.1	20000	0.008434156768768835	-0.0008268630180780223	1
GCF_000321415.2	5000	0.00032926085819802876	-0.005536436784575293	3
GCF_000321415.2	10000	0.00032926085819802876	-0.006899436790501965	3
GCF_000321415.2	20000	0.00032926085819802876	-0.0026412001932660523	3
GCF_000344805.1	5000	-0.009315321498893905	0.001954494889632552	4
GCF_000344805.1	10000	-0.009315321498893905	0.00881718891943462	4
GCF_000344805.1	20000	-0.009315321498893905	0.004830604772939573	4
GCF_000504585.2	5000	-0.00918401586284645	0.0070232100855554145	1
GCF_000504585.2	10000	-0.00918401586284645	0.016199617071493044	1
GCF_000504585.2	20000	-0.00918401586284645	0.01982868973799829	1
GCF_000511355.1	5000	-0.019585507888714316	-0.018759179989173584	1
GCF_000511355.1	10000	-0.019585507888714316	-0.01872614119836925	1
GCF_000511355.1	20000	-0.019585507888714316	-0.009470028016860971	1
GCF_000511385.1	5000	-0.014154098698285577	-0.013094120765268414	1
GCF_000511385.1	10000	-0.014154098698285577	-0.015037335283549225	1
GCF_000511385.1	20000	-0.014154098698285577	-0.013494954503879563	1
GCF_000512735.1	5000	0.013980300809918227	-0.0006404694645667369	1
GCF_000512735.1	10000	0.013980300809918227	-0.0023824813696378595	1
GCF_000512735.1	20000	0.013980300809918227	-0.008321768263596286	1
GCF_000590925.1	5000	-0.005959546689885903	-0.012245610342525809	1
GCF_000590925.1	10000	-0.005959546689885903	-0.006129488718446369	1
GCF_000590925.1	20000	-0.005959546689885903	-0.002199958545766506	1
GCF_000807775.2	5000	-0.0055198813535172475	-0.008476860350452869	1
GCF_000807775.2	10000	-0.0055198813535172475	0.010603582529625354	1
GCF_000807775.2	20000	-0.0055198813535172475	0.013318799889753185	1
GCF_000815105.2	5000	-0.009572386969244335	0.0018260065506513045	1
GCF_000815105.2	10000	-0.009572386969244335	0.00733223451821971	1
GCF_000815105.2	20000	-0.009572386969244335	-0.0008295613877827568	1
GCF_000826835.2	5000	-0.013150291346412291	-0.01535744074159654	1
GCF_000826835.2	10000	-0.013150291346412291	-0.012534924686880649	1
GCF_000826835.2	20000	-0.013150291346412291	-0.008142692442958404	1
GCF_000828615.1	5000	0.005523614612645039	-0.011118325505409565	1
GCF_000828615.1	10000	0.005523614612645039	-0.012396675309697725	1
GCF_000828615.1	20000	0.005523614612645039	-0.00497220464088069	1
GCF_000828635.1	5000	-0.0025466241141745257	-0.0064140849125355615	2
GCF_000828635.1	10000	-0.0025466241141745257	-0.009354460448331417	2
GCF_000828635.1	20000	-0.0025466241141745257	-0.0017601203796292484	2
GCF_000934605.2	5000	-0.00784526799295231	-0.004663952711670244	1
GCF_000934605.2	10000	-0.00784526799295231	0.0018510355895544838	1
GCF_000934605.2	20000	-0.00784526799295231	0.004580247895242373	1
GCF_000954135.1	5000	-0.005102321179287944	-0.006021151052521478	1
GCF_000954135.1	10000	-0.005102321179287944	-0.01015146616553383	1
GCF_000954135.1	20000	-0.005102321179287944	-0.011833094854928006	1
GCF_000967425.1	5000	-0.007984859458463339	-0.005000323234220361	1
GCF_000967425.1	10000	-0.007984859458463339	-0.011544582220991185	1
GCF_000967425.1	20000	-0.007984859458463339	-0.005923335366308386	1
GCF_000968535.2	5000	0.001378946242973569	-0.010060575376494667	4
GCF_000968535.2	10000	0.001378946242973569	-0.00914096261730076	4
GCF_000968535.2	20000	0.001378946242973569	-0.00775235970493391	4
GCF_000972785.3	5000	-0.0022469620982063397	0.0027217094122297335	1
GCF_000972785.3	10000	-0.0022469620982063397	0.008448720323735393	1
GCF_000972785.3	20000	-0.0022469620982063397	0.010660577968650126	1
GCF_000973625.1	5000	-0.016072223949001995	-0.007312488386982957	2
GCF_000973625.1	10000	-0.016072223949001995	-0.011830035677319183	2
GCF_000973625.1	20000	-0.016072223949001995	-0.011137356223211332	2
GCF_000987835.1	5000	-0.0028214024542609515	0.022633973978123955	2
GCF_000987835.1	10000	-0.0028214024542609515	0.014539752573097241	2
GCF_000987835.1	20000	-0.0028214024542609515	0.005453101317671335	2
GCF_001007875.1	5000	0.016823076204540956	0.005561138138042023	4
GCF_001007875.1	10000	0.016823076204540956	-0.0018616703890781804	4
GCF_001007875.1	20000	0.016823076204540956	-0.006698902455198054	4
GCF_001017435.1	5000	-0.010340734317129058	-0.015174307612393429	1
GCF_001017435.1	10000	-0.010340734317129058	-0.009601428829224356	1
GCF_001017435.1	20000	-0.010340734317129058	-0.0005374544178905427	1
GCF_001020955.1	5000	0.008553230269183781	-0.0014284500772321464	4
GCF_001020955.1	10000	0.008553230269183781	0.00891784496506401	4
GCF_001020955.1	20000	0.008553230269183781	0.005960806299908682	4
GCF_001029105.3	5000	-0.0032087367563459757	-0.0019116904918118015	1
GCF_001029105.3	10000	-0.0032087367563459757	0.001944167611315245	1
GCF_001029105.3	20000	-0.0032087367563459757	0.007171438408678061	1
GCF_001051995.2	5000	-0.0012777406876795128	-0.004522024026532084	2
GCF_001051995.2	10000	-0.0012777406876795128	-0.008046731142747263	2
GCF_001051995.2	20000	-0.0012777406876795128	-0.007353386648218707	2
GCF_001187845.1	5000	-0.011008700932892367	-0.0030359246642987668	1
GCF_001187845.1	10000	-0.011008700932892367	-0.00309808842206129	1
GCF_001187845.1	20000	-0.011008700932892367	-0.006018753414894168	1
GCF_001305575.3	5000	0.014892721396344165	-0.005921219389886079	3
GCF_001305575.3	10000	0.014892721396344165	0.0050436539739185885	3
GCF_001305575.3	20000	0.014892721396344165	0.009782410620031568	3
GCF_001305595.1	5000	-0.0054153818156906786	-0.002347139245741553	1
GCF_001305595.1	10000	-0.0054153818156906786	0.0022627720858238607	1
GCF_001305595.1	20000	-0.0054153818156906786	0.0022792263948945733	1
GCF_001308265.1	5000	-0.014058830903064054	-0.013089592434346094	1
GCF_001308265.1	10000	-0.014058830903064054	-0.002918740207290399	1
GCF_001308265.1	20000	-0.014058830903064054	-0.008192884968367186	1
GCF_001465545.3	5000	0.0036457070872685515	-0.0009323687019194338	1
GCF_001465545.3	10000	0.0036457070872685515	-0.0021738502228612565	1
GCF_001465545.3	20000	0.0036457070872685515	0.00493074528647815	1
GCF_001465595.2	5000	0.0013294655000180623	-0.0063403378624832364	1
GCF_001465595.2	10000	0.0013294655000180623	0.010014833683527995	1
GCF_001465595.2	20000	0.0013294655000180623	0.011029680442065298	1
GCF_001579845.1	5000	-0.0004060845183964136	0.005330792898473294	5
GCF_001579845.1	10000	-0.0004060845183964136	0.005057271988554789	5
GCF_001579845.1	20000	-0.0004060845183964136	0.003038541877162427	5
GCF_001587155.1	5000	0.0030079306662099126	-0.0052958675849628985	1
GCF_001587155.1	10000	0.0030079306662099126	-0.003686568056903888	1
GCF_001587155.1	20000	0.0030079306662099126	-0.007151058658520476	1
GCF_001598055.1	5000	0.002167798784612312	-0.009818939669787486	2
GCF_001598055.1	10000	0.002167798784612312	-0.011647586795163027	2
GCF_001598055.1	20000	0.002167798784612312	-0.004608285607612844	2
GCF_001620265.1	5000	-0.017091878440711916	-0.006096158319860656	1
GCF_001620265.1	10000	-0.017091878440711916	-0.0033412081679119188	1
GCF_001620265.1	20000	-0.017091878440711916	0.0013388425189204023	1
GCF_001633165.1	5000	-0.023607951036083076	-0.013617133502669887	1
GCF_001633165.1	10000	-0.023607951036083076	-0.011332532681367257	1
GCF_001633165.1	20000	-0.023607951036083076	-0.011824964184248804	1
GCF_001642675.1	5000	-0.01677962196964751	-0.0078097354232371675	4
GCF_001642675.1	10000	-0.01677962196964751	-0.000982451776925891	4
GCF_001642675.1	20000	-0.01677962196964751	-0.0010468077783343174	4
GCF_001659725.1	5000	-0.009106245753546165	-0.009336073945021823	3
GCF_001659725.1	10000	-0.009106245753546165	-0.004341322173107243	3
GCF_001659725.1	20000	-0.009106245753546165	-0.0048623148797826725	3
GCF_001663815.1	5000	0.006763171992583497	-0.0015674485357257074	3
GCF_001663815.1	10000	0.006763171992583497	-0.0027179966079428665	3
GCF_001663815.1	20000	0.006763171992583497	-0.004456138211034774	3
GCF_001663855.1	5000	0.013376297579165563	-0.008868426790983824	1
GCF_001663855.1	10000	0.013376297579165563	-0.008318952564776178	1
GCF_001663855.1	20000	0.013376297579165563	3.863978038541882e-05	1
GCF_001693385.1	5000	-0.009207594974825772	-0.004889348520115899	4
GCF_001693385.1	10000	-0.009207594974825772	-0.0032209518046003834	4
GCF_001693385.1	20000	-0.009207594974825772	0.0015586477431954297	4
GCF_001693515.2	5000	-0.004069465406229263	-0.0038266889990798414	2
GCF_001693515.2	10000	-0.004069465406229263	-0.002566550486335628	2
GCF_001693515.2	20000	-0.004069465406229263	0.00032758348486213454	2
GCF_001705075.2	5000	-0.0018526667546587578	-0.0007566665159330272	2
GCF_001705075.2	10000	-0.0018526667546587578	0.0056205827857809835	2
GCF_001705075.2	20000	-0.0018526667546587578	-0.0016396513587964346	2
GCF_001723605.1	5000	-0.0012940060893856437	-0.0011686382656450583	1
GCF_001723605.1	10000	-0.0012940060893856437	-0.01636994921430385	1
GCF_001723605.1	20000	-0.0012940060893856437	-0.012511439091986348	1
GCF_001747405.1	5000	-0.010455001442868173	0.010610096542194228	1
GCF_001747405.1	10000	-0.010455001442868173	0.03722563298219526	1
GCF_001747405.1	20000	-0.010455001442868173	0.017271734149017427	1
GCF_001753165.1	5000	-0.0006870463837518562	-0.011797710727142712	4
GCF_001753165.1	10000	-0.0006870463837518562	-0.007107408730740482	4
GCF_001753165.1	20000	-0.0006870463837518562	-0.008309212606150505	4
GCF_001753245.1	5000	-0.013519578612316889	-0.00571337525837699	4
GCF_001753245.1	10000	-0.013519578612316889	-0.001056737476340908	4
GCF_001753245.1	20000	-0.013519578612316889	-0.0028913605387282937	4
GCF_001761385.1	5000	0.0039303744190476	-0.0016213186011171054	1
GCF_001761385.1	10000	0.0039303744190476	-0.008635726298246282	1
GCF_001761385.1	20000	0.0039303744190476	-0.011312533537734093	1
GCF_001854125.1	5000	-0.008245969109968684	0.002701099724561215	1
GCF_001854125.1	10000	-0.008245969109968684	0.012822295100956624	1
GCF_001854125.1	20000	-0.008245969109968684	0.0054930064746764986	1
GCF_001854325.1	5000	-0.00781739555181038	-0.009583270037683089	1
GCF_001854325.1	10000	-0.00781739555181038	-0.0008897588447474514	1
GCF_001854325.1	20000	-0.00781739555181038	-0.00035114674101308085	1
GCF_001870665.2	5000	-0.014418562717615413	-0.0032926841733702363	1
GCF_001870665.2	10000	-0.014418562717615413	-0.008927262372955002	1
GCF_001870665.2	20000	-0.014418562717615413	-0.006800687526950783	1
GCF_001888185.1	5000	-0.004891285163890713	-0.0005362173966126038	1
GCF_001888185.1	10000	-0.004891285163890713	-0.0050041807532803465	1
GCF_001888185.1	20000	-0.004891285163890713	-0.006038655767801349	1
GCF_001889605.1	5000	-0.010594090820514556	-0.0025047192422512467	1
GCF_001889605.1	10000	-0.010594090820514556	0.0001404796167708944	1
GCF_001889605.1	20000	-0.010594090820514556	1.7256584931457652e-06	1
GCF_001940525.2	5000	-0.004140700014968418	-0.010627991429599203	1
GCF_001940525.2	10000	-0.004140700014968418	-0.004617190299235074	1
GCF_001940525.2	20000	-0.004140700014968418	-0.0012442908902102034	1
GCF_001953055.1	5000	-0.01759942075634529	-0.00875793185757055	1
GCF_001953055.1	10000	-0.01759942075634529	0.00018665003980995466	1
GCF_001953055.1	20000	-0.01759942075634529	0.0026221789314802347	1
GCF_001955735.1	5000	-0.0022124155509066655	0.00134999156705794	1
GCF_001955735.1	10000	-0.0022124155509066655	-0.0013472335591025453	1
GCF_001955735.1	20000	-0.0022124155509066655	-0.009879430027535625	1
GCF_001956695.1	5000	0.02244083964944748	-0.0015500077014057672	1
GCF_001956695.1	10000	0.02244083964944748	-0.008648056318493117	1
GCF_001956695.1	20000	0.02244083964944748	-0.0033940477737616826	1
GCF_001969385.1	5000	-0.0020456039483537024	-0.004740187041244187	1
GCF_001969385.1	10000	-0.0020456039483537024	-0.012723070138714182	1
GCF_001969385.1	20000	-0.0020456039483537024	-0.014419358935863436	1
GCF_001975705.1	5000	0.00854745089203981	-0.007957471862765065	1
GCF_001975705.1	10000	0.00854745089203981	-0.009103658163138757	1
GCF_001975705.1	20000	0.00854745089203981	-0.004671650071832828	1
GCF_001999245.1	5000	0.010595570532232423	-0.003796886083785278	1
GCF_001999245.1	10000	0.010595570532232423	-0.004400098333806168	1
GCF_001999245.1	20000	0.010595570532232423	-0.003429059490270653	1
GCF_002028405.1	5000	0.04658218926201764	0.026562191297312642	1
GCF_002028405.1	10000	0.04658218926201764	0.015742774483232757	1
GCF_002028405.1	20000	0.04658218926201764	0.01275010155646033	1
GCF_002085925.2	5000	-0.0040118882497134686	-0.010846566538183217	1
GCF_002085925.2	10000	-0.0040118882497134686	-0.003236218477168018	1
GCF_002085925.2	20000	-0.0040118882497134686	-0.0008176970059153077	1
GCF_002119765.1	5000	-0.006395101905595021	0.002241956931030231	2
GCF_002119765.1	10000	-0.006395101905595021	0.0024434697318366644	2
GCF_002119765.1	20000	-0.006395101905595021	0.0015197183973929022	2
GCF_002215215.1	5000	0.0034791337219656914	-0.003220205599044046	3
GCF_002215215.1	10000	0.0034791337219656914	-0.0023798510084928667	3
GCF_002215215.1	20000	0.0034791337219656914	-0.0013257309042748815	3
GCF_002222655.1	5000	-0.020308014101146982	-0.016717728935118775	1
GCF_002222655.1	10000	-0.020308014101146982	-0.011029282119340655	1
GCF_002222655.1	20000	-0.020308014101146982	-0.0007784304417762622	1
GCF_002266435.3	5000	-0.009622845228121877	-0.003209874425253231	4
GCF_002266435.3	10000	-0.009622845228121877	-0.0027517288705226394	4
GCF_002266435.3	20000	-0.009622845228121877	-0.002225366669438268	4
GCF_002278135.3	5000	-0.01829563370898528	-0.011729977026485266	3
GCF_002278135.3	10000	-0.01829563370898528	-0.006931241356431182	3
GCF_002278135.3	20000	-0.01829563370898528	-0.01202785963428788	3
GCF_002355335.1	5000	-0.009427794842697707	-0.0016439323414725114	3
GCF_002355335.1	10000	-0.009427794842697707	-0.003377628465641756	3
GCF_002355335.1	20000	-0.009427794842697707	-0.0017974248043795456	3
GCF_002355415.1	5000	-0.012950643339039197	0.010180797340855094	3
GCF_002355415.1	10000	-0.012950643339039197	0.015793319025421547	3
GCF_002355415.1	20000	-0.012950643339039197	0.012990793274772856	3
GCF_002355735.1	5000	-0.039843007323077675	0.001716448828839745	2
GCF_002355735.1	10000	-0.039843007323077675	-0.0008057030070357796	2
GCF_002355735.1	20000	-0.039843007323077675	-0.011259338475402036	2
GCF_002407265.1	5000	-0.011653223519851541	-0.011002925253991597	1
GCF_002407265.1	10000	-0.011653223519851541	-0.005389712522758455	1
GCF_002407265.1	20000	-0.011653223519851541	-0.0018711888549860444	1
GCF_002504165.1	5000	-0.011396118419110812	-0.0029146512534653666	1
GCF_002504165.1	10000	-0.011396118419110812	0.003926650189940084	1
GCF_002504165.1	20000	-0.011396118419110812	0.006044619848013466	1
GCF_002795845.1	5000	-0.0163356105260416	-0.02274404440579918	1
GCF_002795845.1	10000	-0.0163356105260416	-0.019899725489858806	1
GCF_002795845.1	20000	-0.0163356105260416	-0.017735483735487258	1
GCF_002865605.1	5000	-0.0002258018310471066	-0.016818568342151997	1
GCF_002865605.1	10000	-0.0002258018310471066	-0.011521248189661442	1
GCF_002865605.1	20000	-0.0002258018310471066	-0.011396288283651778	1
GCF_002872475.1	5000	0.004388801014250948	-0.000637620926263438	1
GCF_002872475.1	10000	0.004388801014250948	-0.005871781454282276	1
GCF_002872475.1	20000	0.004388801014250948	-0.01031985223996253	1
GCF_002892185.1	5000	-0.01084228937992453	-0.012374289828140123	1
GCF_002892185.1	10000	-0.01084228937992453	-0.013572802758694647	1
GCF_002892185.1	20000	-0.01084228937992453	-0.013497790026367145	1
GCF_002983865.1	5000	-0.004073183492331389	-0.004972316814575217	1
GCF_002983865.1	10000	-0.004073183492331389	-0.008228225132560796	1
GCF_002983865.1	20000	-0.004073183492331389	-0.008566892819308818	1
GCF_002995515.1	5000	-0.017317702724761352	-0.0075026856008357234	2
GCF_002995515.1	10000	-0.017317702724761352	-0.006402833275552957	2
GCF_002995515.1	20000	-0.017317702724761352	-0.00737929213403575	2
GCF_003008515.1	5000	0.006190099000100396	-0.007921464131416062	2
GCF_003008515.1	10000	0.006190099000100396	-0.004136983744454445	2
GCF_003008515.1	20000	0.006190099000100396	-0.0028634013687916017	2
GCF_003008555.2	5000	-0.005725055586735939	-0.002087011731017141	1
GCF_003008555.2	10000	-0.005725055586735939	0.0008403099549753046	1
GCF_003008555.2	20000	-0.005725055586735939	-0.008536796801336904	1
GCF_003008575.1	5000	-0.009126875487600128	-0.021220768511539794	1
GCF_003008575.1	10000	-0.009126875487600128	-0.011770964406371731	1
GCF_003008575.1	20000	-0.009126875487600128	-0.010515236952088659	1
GCF_003065365.1	5000	-0.017835753002749154	-0.014595409169471902	1
GCF_003065365.1	10000	-0.017835753002749154	-0.01392332728543567	1
GCF_003065365.1	20000	-0.017835753002749154	-0.012029356267276747	1
GCF_003065385.1	5000	-0.00224940128470309	0.00011993431965411639	1
GCF_003065385.1	10000	-0.00224940128470309	0.003959957171903114	1
GCF_003065385.1	20000	-0.00224940128470309	0.008038203405503144	1
GCF_003324675.1	5000	0.006967051694969395	-0.006694927170842746	1
GCF_003324675.1	10000	0.006967051694969395	-0.006098021346583054	1
GCF_003324675.1	20000	0.006967051694969395	-0.004719641961469368	1
GCF_003346755.1	5000	0.02716057323637856	-0.003382930531841517	1
GCF_003346755.1	10000	0.02716057323637856	-0.0037075475957332044	1
GCF_003346755.1	20000	0.02716057323637856	0.007127760044607684	1
GCF_003346815.1	5000	0.030965220037343366	-0.000739666086404564	1
GCF_003346815.1	10000	0.030965220037343366	-0.008177665808713106	1
GCF_003346815.1	20000	0.030965220037343366	1.3581307429849643e-05	1
GCF_003355515.1	5000	0.028021684617539382	-0.0005241248996869646	1
GCF_003355515.1	10000	0.028021684617539382	-0.007771430175165084	1
GCF_003355515.1	20000	0.028021684617539382	-0.008548512670087896	1
GCF_003403095.1	5000	-0.006995082188219343	-0.004357785545772508	1
GCF_003403095.1	10000	-0.006995082188219343	-0.0026208751343010594	1
GCF_003403095.1	20000	-0.006995082188219343	0.0006385608909092288	1
GCF_003544815.1	5000	0.014151170554640723	-0.003759287723478445	1
GCF_003544815.1	10000	0.014151170554640723	-0.0002813804142703685	1
GCF_003544815.1	20000	0.014151170554640723	-0.006576609878228756	1
GCF_003544835.1	5000	0.02093975733565174	-0.004780145579112256	1
GCF_003544835.1	10000	0.02093975733565174	-0.0010889829973331627	1
GCF_003544835.1	20000	0.02093975733565174	0.0006343585514502953	1
GCF_003544855.1	5000	0.023622620447180304	-0.0025526020742710253	1
GCF_003544855.1	10000	0.023622620447180304	-0.009349296839955496	1
GCF_003544855.1	20000	0.023622620447180304	-0.002891713016203329	1
GCF_003544895.1	5000	-0.015430498287138161	-0.008786254609608166	1
GCF_003544895.1	10000	-0.015430498287138161	-0.014143859604770746	1
GCF_003544895.1	20000	-0.015430498287138161	-0.012645716641949096	1
GCF_003544915.1	5000	0.034009616854163614	-0.001967221239027067	1
GCF_003544915.1	10000	0.034009616854163614	-0.00836386704081556	1
GCF_003544915.1	20000	0.034009616854163614	-0.008097641304595896	1
GCF_003544935.1	5000	0.023983309937559243	-0.0024634790389894564	1
GCF_003544935.1	10000	0.023983309937559243	-0.000745449641661719	1
GCF_003544935.1	20000	0.023983309937559243	-0.0030396332259049765	1
GCF_003568585.1	5000	-0.016941998031900475	-0.008984351773443838	1
GCF_003568585.1	10000	-0.016941998031900475	-0.006039562065172005	1
GCF_003568585.1	20000	-0.016941998031900475	-0.0019063827022423653	1
GCF_003568845.1	5000	-0.004784159172849162	0.015304701372212516	2
GCF_003568845.1	10000	-0.004784159172849162	0.017808825255971137	2
GCF_003568845.1	20000	-0.004784159172849162	0.012356358199388797	2
GCF_003574215.1	5000	0.01824303920852337	0.01811730045714789	1
GCF_003574215.1	10000	0.01824303920852337	0.012576535286423014	1
GCF_003574215.1	20000	0.01824303920852337	0.008002014994122009	1
GCF_003660105.1	5000	0.025850715079249235	-0.005189484978999201	1
GCF_003660105.1	10000	0.025850715079249235	-0.005752552787361423	1
GCF_003660105.1	20000	0.025850715079249235	-0.005316202302849701	1
GCF_003711085.1	5000	0.022737016697091033	-0.003930449225946086	1
GCF_003711085.1	10000	0.022737016697091033	-0.005742160878587579	1
GCF_003711085.1	20000	0.022737016697091033	-0.0019788922869059117	1
GCF_003721225.2	5000	0.012568822075422915	-0.0231728200532391	1
GCF_003721225.2	10000	0.012568822075422915	-0.021140479158755072	1
GCF_003721225.2	20000	0.012568822075422915	-0.010022470800567423	1
GCF_003966565.1	5000	-0.014236846294606254	-0.0036102817770669814	1
GCF_003966565.1	10000	-0.014236846294606254	-0.00543017850142497	1
GCF_003966565.1	20000	-0.014236846294606254	-0.005081415956378871	1
GCF_003966715.1	5000	-0.014621462425473535	0.013609508293214332	2
GCF_003966715.1	10000	-0.014621462425473535	0.0019074112301984722	2
GCF_003966715.1	20000	-0.014621462425473535	-0.0012958647012128897	2
GCF_003967195.1	5000	-0.014085467601257326	0.016256044093765677	3
GCF_003967195.1	10000	-0.014085467601257326	0.01704829532108924	3
GCF_003967195.1	20000	-0.014085467601257326	0.005003611754720198	3
GCF_003967275.1	5000	0.014844171880653434	-0.007078827013903183	1
GCF_003967275.1	10000	0.014844171880653434	-0.0018269058972201601	1
GCF_003967275.1	20000	0.014844171880653434	0.0005814361260300216	1
GCF_003970735.1	5000	-0.01668429565860808	-0.0037086479938495177	1
GCF_003970735.1	10000	-0.01668429565860808	-0.0031049463896659357	1
GCF_003970735.1	20000	-0.01668429565860808	0.004786601448442518	1
GCF_004001245.1	5000	-0.015147840779677346	0.00291582678292529	5
GCF_004001245.1	10000	-0.015147840779677346	-0.0014170243722125186	5
GCF_004001245.1	20000	-0.015147840779677346	-0.005949131887587174	5
GCF_004006175.1	5000	-0.021145196090501427	-0.014230395352116875	1
GCF_004006175.1	10000	-0.021145196090501427	-0.008758850246674726	1
GCF_004006175.1	20000	-0.021145196090501427	-0.006098437578847288	1
GCF_004063735.1	5000	-0.010666505306175855	-0.01317791451569183	1
GCF_004063735.1	10000	-0.010666505306175855	-0.009658289733349923	1
GCF_004063735.1	20000	-0.010666505306175855	-0.006217127474615702	1
GCF_004114915.1	5000	-0.013069518503387521	-0.002209462456171013	3
GCF_004114915.1	10000	-0.013069518503387521	0.001031322728945694	3
GCF_004114915.1	20000	-0.013069518503387521	-0.003533584457844569	3
GCF_004114935.1	5000	-0.01692464266924961	0.0005604164485043556	2
GCF_004114935.1	10000	-0.01692464266924961	0.0027485258225523417	2
GCF_004114935.1	20000	-0.01692464266924961	-0.0010299740385035505	2
GCF_004114955.1	5000	-0.009492933143625558	0.00054067765475293	6
GCF_004114955.1	10000	-0.009492933143625558	0.004949350721810623	6
GCF_004114955.1	20000	-0.009492933143625558	0.0029302510001461353	6
GCF_004114975.1	5000	-0.013360922253849602	-0.00977642380318233	4
GCF_004114975.1	10000	-0.013360922253849602	-0.0055286593130806335	4
GCF_004114975.1	20000	-0.013360922253849602	-0.002002254487589451	4
GCF_004214795.1	5000	0.0034946457241794987	0.0023902633188270777	2
GCF_004214795.1	10000	0.0034946457241794987	-0.00275740655234987	2
GCF_004214795.1	20000	0.0034946457241794987	-0.007387492186971345	2
GCF_004214815.1	5000	0.019799152677089434	-0.006379824586748227	1
GCF_004214815.1	10000	0.019799152677089434	-0.0027801376363893876	1
GCF_004214815.1	20000	0.019799152677089434	0.003188351112123	1
GCF_004299785.2	5000	0.027289557282102955	-0.001696066558600258	1
GCF_004299785.2	10000	0.027289557282102955	-0.0015710193804697042	1
GCF_004299785.2	20000	0.027289557282102955	0.006198985973506368	1
GCF_004323595.1	5000	-0.002380203861454544	-0.012465611561449357	1
GCF_004323595.1	10000	-0.002380203861454544	-0.011531877499345583	1
GCF_004323595.1	20000	-0.002380203861454544	-0.009186325287644547	1
GCF_004353865.1	5000	-0.012502374534966294	-0.01644249959429801	1
GCF_004353865.1	10000	-0.012502374534966294	-0.017875110851712173	1
GCF_004353865.1	20000	-0.012502374534966294	-0.006165750956018634	1
GCF_004684245.1	5000	0.008969199650383269	0.0043716437354196615	1
GCF_004684245.1	10000	0.008969199650383269	-0.004732998859338378	1
GCF_004684245.1	20000	0.008969199650383269	-0.008503308133000865	1
GCF_004786015.1	5000	-0.010750836639638071	-0.007859175659384895	2
GCF_004786015.1	10000	-0.010750836639638071	-0.014346448623591279	2
GCF_004786015.1	20000	-0.010750836639638071	-0.011341341327200063	2
GCF_005144885.1	5000	0.005605229437482619	0.0023199852939005837	2
GCF_005144885.1	10000	0.005605229437482619	0.0013811458424718478	2
GCF_005144885.1	20000	0.005605229437482619	0.000574712328150706	2
GCF_005234135.1	5000	-0.018574982640484315	-0.0066540753854609	1
GCF_005234135.1	10000	-0.018574982640484315	0.002118805974029081	1
GCF_005234135.1	20000	-0.018574982640484315	0.005346412434889975	1
GCF_005931095.1	5000	0.0010208579967903291	-0.009514327162137837	4
GCF_005931095.1	10000	0.0010208579967903291	-0.009743827284473181	4
GCF_005931095.1	20000	0.0010208579967903291	-0.010328954645462496	4
GCF_006459125.1	5000	0.027998352298265465	0.0015359151682571015	1
GCF_006459125.1	10000	0.027998352298265465	-0.006267393399833279	1
GCF_006459125.1	20000	0.027998352298265465	-0.006907937993490596	1
GCF_006740765.1	5000	-0.00575594127707078	-0.0037989406046260747	2
GCF_006740765.1	10000	-0.00575594127707078	-0.010913501564636524	2
GCF_006740765.1	20000	-0.00575594127707078	-0.008363467987219365	2
GCF_006970865.1	5000	0.0038551270893733393	-0.0035168351499766104	1
GCF_006970865.1	10000	0.0038551270893733393	-0.013490232227049015	1
GCF_006970865.1	20000	0.0038551270893733393	-0.010100453601377462	1
GCF_007922615.2	5000	-0.009316460525918951	-0.004889228935192813	1
GCF_007922615.2	10000	-0.009316460525918951	-0.002398009708709803	1
GCF_007922615.2	20000	-0.009316460525918951	-0.0089176910618817	1
GCF_007954405.1	5000	-0.01881949857017229	0.009434437862012307	1
GCF_007954405.1	10000	-0.01881949857017229	0.00674850154633907	1
GCF_007954405.1	20000	-0.01881949857017229	-0.008863304425336477	1
GCF_008000835.1	5000	0.020095254386324514	-0.0023311579691048163	1
GCF_008000835.1	10000	0.020095254386324514	-0.009986084250775273	1
GCF_008000835.1	20000	0.020095254386324514	-0.004673624535125101	1
GCF_008274805.1	5000	-0.026965045801979188	-0.00876548085397097	1
GCF_008274805.1	10000	-0.026965045801979188	-0.002794237393328458	1
GCF_008274805.1	20000	-0.026965045801979188	0.008309098005762645	1
GCF_008329925.1	5000	-0.0016886296881720275	-0.007496272511676394	1
GCF_008329925.1	10000	-0.0016886296881720275	-0.012155862499151992	1
GCF_008329925.1	20000	-0.0016886296881720275	-0.0034333998194212567	1
GCF_008630635.1	5000	-0.008807185565369652	0.0038869452219755297	1
GCF_008630635.1	10000	-0.008807185565369652	0.01583472306930292	1
GCF_008630635.1	20000	-0.008807185565369652	-0.003838180743873651	1
GCF_008728195.1	5000	-0.01731521757585657	-0.013729430712719603	1
GCF_008728195.1	10000	-0.01731521757585657	-0.005722933515685369	1
GCF_008728195.1	20000	-0.01731521757585657	0.0005485634871678413	1
GCF_008801925.2	5000	0.012005062736235795	0.004775250389447433	2
GCF_008801925.2	10000	0.012005062736235795	0.01134919742772866	2
GCF_008801925.2	20000	0.012005062736235795	0.0006049703437670194	2
GCF_008824185.1	5000	-0.007031522093365153	0.00259094435810778	2
GCF_008824185.1	10000	-0.007031522093365153	-0.0036174439670133176	2
GCF_008824185.1	20000	-0.007031522093365153	-0.003951771110700475	2
GCF_008932115.1	5000	0.0006636987717334383	0.0013901762440907519	4
GCF_008932115.1	10000	0.0006636987717334383	-0.0013595478592316038	4
GCF_008932115.1	20000	0.0006636987717334383	0.0012582924642487586	4
GCF_009068765.1	5000	-0.011708716072024356	-0.01787039582821424	2
GCF_009068765.1	10000	-0.011708716072024356	-0.01622952199655542	2
GCF_009068765.1	20000	-0.011708716072024356	-0.011385704958795675	2
GCF_009497875.2	5000	-0.008230513566128845	-0.006147635909612948	2
GCF_009497875.2	10000	-0.008230513566128845	-0.012192534865532512	2
GCF_009497875.2	20000	-0.008230513566128845	-0.01139422449014955	2
GCF_009650135.1	5000	-0.0011597882331392361	0.004978171215920563	1
GCF_009650135.1	10000	-0.0011597882331392361	0.009008560210583716	1
GCF_009650135.1	20000	-0.0011597882331392361	0.010861989320985494	1
GCF_009662475.1	5000	0.02566554526154808	0.00042695724245708343	2
GCF_009662475.1	10000	0.02566554526154808	0.0009691823646427776	2
GCF_009662475.1	20000	0.02566554526154808	-0.0037302680854589595	2
GCF_009746125.1	5000	-0.005298160754136333	-0.0029350350679577587	2
GCF_009746125.1	10000	-0.005298160754136333	-0.003469044810908689	2
GCF_009746125.1	20000	-0.005298160754136333	-0.004444943011819535	2
GCF_009762325.1	5000	-0.00829274173523804	-0.0014268594376995957	1
GCF_009762325.1	10000	-0.00829274173523804	-0.004859003474182921	1
GCF_009762325.1	20000	-0.00829274173523804	-0.010048078137246208	1
GCF_009789575.1	5000	0.008047036681453474	0.007260885473327761	1
GCF_009789575.1	10000	0.008047036681453474	0.008859124077372781	1
GCF_009789575.1	20000	0.008047036681453474	0.0032505367004323437	1
GCF_009910365.1	5000	-0.010388000631925048	-0.004658435541737444	1
GCF_009910365.1	10000	-0.010388000631925048	-0.004858372010760345	1
GCF_009910365.1	20000	-0.010388000631925048	-0.006224868873871176	1
GCF_009937995.1	5000	0.005245912911813852	0.005791997273108726	1
GCF_009937995.1	10000	0.005245912911813852	-0.0051316516047616775	1
GCF_009937995.1	20000	0.005245912911813852	-0.0043553400101698555	1
GCF_009938015.1	5000	0.02101709236916943	-0.0037069417427225662	2
GCF_009938015.1	10000	0.02101709236916943	0.004426599370042746	2
GCF_009938015.1	20000	0.02101709236916943	0.012783984311001816	2
GCF_010378095.2	5000	0.054743646258561186	0.026242420373861618	1
GCF_010378095.2	10000	0.054743646258561186	0.02990737995416856	1
GCF_010378095.2	20000	0.054743646258561186	0.030706651056250395	1
GCF_010983895.1	5000	-0.012791460370315094	-0.01693398997519561	1
GCF_010983895.1	10000	-0.012791460370315094	-0.0013349276392780828	1
GCF_010983895.1	20000	-0.012791460370315094	-0.008411422707094579	1
GCF_011006175.1	5000	-0.0032038693742746037	-0.011371205374305101	1
GCF_011006175.1	10000	-0.0032038693742746037	-0.007847462749283596	1
GCF_011006175.1	20000	-0.0032038693742746037	-0.0032854589477867625	1
GCF_011068405.5	5000	-0.00903773814207045	-0.005887415395544718	4
GCF_011068405.5	10000	-0.00903773814207045	-0.003699263559001656	4
GCF_011068405.5	20000	-0.00903773814207045	5.692631202542102e-05	4
GCF_011290485.1	5000	0.010896349370231666	-0.0025202897275158594	2
GCF_011290485.1	10000	0.010896349370231666	-0.001033376426507171	2
GCF_011290485.1	20000	0.010896349370231666	0.00042954768346311066	2
GCF_011388215.1	5000	-0.011621006172448012	-0.012218053472957829	1
GCF_011388215.1	10000	-0.011621006172448012	-0.014369468987113243	1
GCF_011388215.1	20000	-0.011621006172448012	-0.00879661763598628	1
GCF_011516645.4	5000	-0.012945100084498154	0.0011818916986379305	3
GCF_011516645.4	10000	-0.012945100084498154	0.0014852246086554926	3
GCF_011516645.4	20000	-0.012945100084498154	0.0012265442757903422	3
GCF_011604665.2	5000	-0.004603950367051994	0.0016311343218723949	4
GCF_011604665.2	10000	-0.004603950367051994	-0.00147564129085309	4
GCF_011604665.2	20000	-0.004603950367051994	-0.0038971849216637698	4
GCF_011764585.1	5000	-0.011553116726474463	-0.020901942343544776	2
GCF_011764585.1	10000	-0.011553116726474463	-0.01125460568047467	2
GCF_011764585.1	20000	-0.011553116726474463	-0.01073362680419268	2
GCF_012295595.1	5000	-0.011030249044742074	0.0016591546382956012	1
GCF_012295595.1	10000	-0.011030249044742074	-0.006994098505849844	1
GCF_012295595.1	20000	-0.011030249044742074	-0.011329914668490131	1
GCF_012689545.1	5000	0.002825807426331828	-0.009071243617301827	1
GCF_012689545.1	10000	0.002825807426331828	-0.015601473986503855	1
GCF_012689545.1	20000	0.002825807426331828	-0.0033155449307068706	1
GCF_012932215.1	5000	0.01820329043953109	0.007649041826489794	1
GCF_012932215.1	10000	0.01820329043953109	0.004726793535033103	1
GCF_012932215.1	20000	0.01820329043953109	-0.0018425714953576422	1
GCF_013003965.1	5000	0.008209865037938845	-0.005209300640405988	3
GCF_013003965.1	10000	0.008209865037938845	-0.00025382127602920714	3
GCF_013003965.1	20000	0.008209865037938845	0.0021280370672025688	3
GCF_013003985.1	5000	-0.0014277959064091592	-0.003305285324339278	3
GCF_013003985.1	10000	-0.0014277959064091592	-0.004962349765602888	3
GCF_013003985.1	20000	-0.0014277959064091592	-0.0003212506261341492	3
GCF_013004065.1	5000	-0.011811794105349174	-0.0059753395372430405	1
GCF_013004065.1	10000	-0.011811794105349174	-0.004169230036563815	1
GCF_013004065.1	20000	-0.011811794105349174	-0.0048743068472723635	1
GCF_013177635.1	5000	0.03007571528190518	-0.0013775778183243298	1
GCF_013177635.1	10000	0.03007571528190518	-0.011162030871811997	1
GCF_013177635.1	20000	0.03007571528190518	-0.00280045713368475	1
GCF_013177675.1	5000	0.02843865048376107	-0.0008670485186024271	1
GCF_013177675.1	10000	0.02843865048376107	-0.004083970712937521	1
GCF_013177675.1	20000	0.02843865048376107	-0.007982156380616607	1
GCF_013201625.1	5000	0.025558893923649552	-0.005827691265707572	1
GCF_013201625.1	10000	0.025558893923649552	-0.004689445628016825	1
GCF_013201625.1	20000	0.025558893923649552	-0.0029264530712812624	1
GCF_013201665.1	5000	0.0063873304796687	-0.005720158457500547	2
GCF_013201665.1	10000	0.0063873304796687	-0.0020266188914327744	2
GCF_013201665.1	20000	0.0063873304796687	-0.00299514710914333	2
GCF_013201705.1	5000	0.028798230239387868	0.0013961462477850226	1
GCF_013201705.1	10000	0.028798230239387868	-0.0062091228279014445	1
GCF_013201705.1	20000	0.028798230239387868	-8.473899981965017e-05	1
GCF_013201725.1	5000	0.026646745912814983	0.0002505524291281355	1
GCF_013201725.1	10000	0.026646745912814983	-0.0018045196174487882	1
GCF_013201725.1	20000	0.026646745912814983	-0.00680300514420704	1
GCF_013201825.1	5000	0.015048943050688776	-0.009246553927165294	1
GCF_013201825.1	10000	0.015048943050688776	-0.006223810090839985	1
GCF_013201825.1	20000	0.015048943050688776	-0.005019601589898504	1
GCF_013201935.1	5000	0.026500734086090206	-0.0028489270184279213	1
GCF_013201935.1	10000	0.026500734086090206	-0.0013500109662805432	1
GCF_013201935.1	20000	0.026500734086090206	-0.008953231956382639	1
GCF_013283835.1	5000	0.022736916001820966	0.004433561408660028	1
GCF_013283835.1	10000	0.022736916001820966	-0.0003793208644242041	1
GCF_013283835.1	20000	0.022736916001820966	-0.005896860756751754	1
GCF_013307225.1	5000	-0.006326059497492459	-0.007414052866343444	2
GCF_013307225.1	10000	-0.006326059497492459	-0.006688597222722542	2
GCF_013307225.1	20000	-0.006326059497492459	-0.0037717163980585237	2
GCF_013307245.1	5000	-0.008936241186949124	-0.0003128721208911833	1
GCF_013307245.1	10000	-0.008936241186949124	0.004245316834266144	1
GCF_013307245.1	20000	-0.008936241186949124	-0.0031870733716509335	1
GCF_013343005.1	5000	-0.017444145371616385	-0.010229034184243233	2
GCF_013343005.1	10000	-0.017444145371616385	0.0011214947153916064	2
GCF_013343005.1	20000	-0.017444145371616385	0.001792131382872908	2
GCF_013347325.1	5000	-0.004465193678894319	-0.012655162766888162	1
GCF_013347325.1	10000	-0.004465193678894319	0.0024196357095052413	1
GCF_013347325.1	20000	-0.004465193678894319	0.010894107636398653	1
GCF_013358405.1	5000	-0.0003433864758591365	-0.004886574529999832	1
GCF_013358405.1	10000	-0.0003433864758591365	-0.011456740869695354	1
GCF_013358405.1	20000	-0.0003433864758591365	-0.010594174261351775	1
GCF_013372265.1	5000	0.02816645672671747	0.0011466899188719403	1
GCF_013372265.1	10000	0.02816645672671747	-0.006184722230436593	1
GCF_013372265.1	20000	0.02816645672671747	-0.0033279424415637304	1
GCF_013752735.1	5000	-0.018697145977066433	-0.01286962463404202	4
GCF_013752735.1	10000	-0.018697145977066433	-0.005812069752153222	4
GCF_013752735.1	20000	-0.018697145977066433	-0.006505654850679815	4
GCF_014126615.1	5000	-0.0029498878811191676	-0.00983705216270105	1
GCF_014126615.1	10000	-0.0029498878811191676	-0.014978319508926174	1
GCF_014126615.1	20000	-0.0029498878811191676	-0.010068998197129753	1
GCF_014337925.2	5000	-0.017757359463783852	-0.01591765730350661	1
GCF_014337925.2	10000	-0.017757359463783852	-0.012267286539239131	1
GCF_014337925.2	20000	-0.017757359463783852	-0.007370624477929693	1
GCF_014395975.1	5000	-0.02106589576243862	-0.015921370013836294	1
GCF_014395975.1	10000	-0.02106589576243862	-0.0009378706009939397	1
GCF_014395975.1	20000	-0.02106589576243862	0.0052702654031105915	1
GCF_014489595.1	5000	-0.02462248287034216	-0.02167147265847689	1
GCF_014489595.1	10000	-0.02462248287034216	-0.002709072530201656	1
GCF_014489595.1	20000	-0.02462248287034216	-0.001504251834884013	1
GCF_014495845.1	5000	-0.006776625814054693	-0.008954376588296708	1
GCF_014495845.1	10000	-0.006776625814054693	-0.0034219071837672034	1
GCF_014495845.1	20000	-0.006776625814054693	-0.004275220435665428	1
GCF_014905095.1	5000	-0.012017719385756959	-0.00833491394721703	3
GCF_014905095.1	10000	-0.012017719385756959	-0.00799850800173114	3
GCF_014905095.1	20000	-0.012017719385756959	-0.009335895562051338	3
GCF_014905115.1	5000	-0.006011402456929015	-0.004992501753037162	2
GCF_014905115.1	10000	-0.006011402456929015	-0.007922289250185805	2
GCF_014905115.1	20000	-0.006011402456929015	-0.008167185945764897	2
GCF_014905135.1	5000	-0.009029032428368375	-0.011531002605402681	2
GCF_014905135.1	10000	-0.009029032428368375	-0.008423927740516078	2
GCF_014905135.1	20000	-0.009029032428368375	-0.007417651903219174	2
GCF_014931715.1	5000	-0.014502379636460956	0.003082639793252379	2
GCF_014931715.1	10000	-0.014502379636460956	0.0013971385001732117	2
GCF_014931715.1	20000	-0.014502379636460956	-0.0008810104624261783	2
GCF_015265455.1	5000	0.007871317311891033	0.006246458723968871	2
GCF_015265455.1	10000	0.007871317311891033	0.01999814747400898	2
GCF_015265455.1	20000	0.007871317311891033	0.021005678292267863	2
GCF_015265475.1	5000	0.0035471950179063044	-0.003605206576189197	2
GCF_015265475.1	10000	0.0035471950179063044	0.016943599475147425	2
GCF_015265475.1	20000	0.0035471950179063044	0.012400071093469363	2
GCF_015291705.1	5000	-0.011304643461264802	-0.007430440061890427	6
GCF_015291705.1	10000	-0.011304643461264802	-0.0048202508468451356	6
GCF_015291705.1	20000	-0.011304643461264802	-0.007256428094600416	6
GCF_015624505.1	5000	-0.008767195986542397	-0.008001490162696471	3
GCF_015624505.1	10000	-0.008767195986542397	-0.003722951873529612	3
GCF_015624505.1	20000	-0.008767195986542397	0.00044014368267935607	3
GCF_015689335.1	5000	-0.005165081734089316	-0.004656325833154928	1
GCF_015689335.1	10000	-0.005165081734089316	-0.005731070696999474	1
GCF_015689335.1	20000	-0.005165081734089316	-0.003648018822843202	1
GCF_016250455.1	5000	0.04009478376889593	0.007975315830368613	1
GCF_016250455.1	10000	0.04009478376889593	-0.0007483746153478466	1
GCF_016250455.1	20000	0.04009478376889593	0.0002788623356671738	1
GCF_016584445.1	5000	-0.005139998375697075	-0.0016577404232252736	2
GCF_016584445.1	10000	-0.005139998375697075	-1.333028390710072e-05	2
GCF_016584445.1	20000	-0.005139998375697075	0.0013817153814798867	2
GCF_016599875.1	5000	-0.0017914635925069726	-0.004906546857923208	2
GCF_016599875.1	10000	-0.0017914635925069726	-0.006993028677803012	2
GCF_016599875.1	20000	-0.0017914635925069726	-0.00531287259909656	2
GCF_016653635.2	5000	0.0007993013084090198	-0.012660841308630594	2
GCF_016653635.2	10000	0.0007993013084090198	-0.003802658920226779	2
GCF_016653635.2	20000	0.0007993013084090198	-0.003399936401129586	2
GCF_016765655.2	5000	-0.003489316151027183	-0.007983710030948034	3
GCF_016765655.2	10000	-0.003489316151027183	-0.007140105421924651	3
GCF_016765655.2	20000	-0.003489316151027183	-0.0045980046288090015	3
GCF_016801755.1	5000	-0.01372191297087479	-0.00835995613870998	1
GCF_016801755.1	10000	-0.01372191297087479	-0.0130482511148249	1
GCF_016801755.1	20000	-0.01372191297087479	-0.004387897485383508	1
GCF_016806125.1	5000	-0.002772950353851017	-0.012141069313892933	1
GCF_016806125.1	10000	-0.002772950353851017	-0.012823301731370274	1
GCF_016806125.1	20000	-0.002772950353851017	-0.008496814059663465	1
GCF_016806835.2	5000	0.004114822104270363	-0.007681009408327971	2
GCF_016806835.2	10000	0.004114822104270363	-0.004806625210547496	2
GCF_016806835.2	20000	0.004114822104270363	-0.0029147580421938577	2
GCF_016807805.1	5000	0.008205329462175079	-0.009817267311921628	2
GCF_016807805.1	10000	0.008205329462175079	-0.01662481964028929	2
GCF_016807805.1	20000	0.008205329462175079	-0.013117725427795872	2
GCF_016894385.1	5000	-0.005454898609701425	-0.003987344898552808	1
GCF_016894385.1	10000	-0.005454898609701425	-0.000368627322757753	1
GCF_016894385.1	20000	-0.005454898609701425	0.0023300236741615743	1
GCF_017301335.1	5000	-0.016509262287318666	-0.020826132153595352	1
GCF_017301335.1	10000	-0.016509262287318666	-0.01750631382775974	1
GCF_017301335.1	20000	-0.016509262287318666	-0.008507855460369978	1
GCF_017309585.1	5000	-0.00850582230391106	-0.0035739379350986757	1
GCF_017309585.1	10000	-0.00850582230391106	0.004787784209356494	1
GCF_017309585.1	20000	-0.00850582230391106	-0.0006213318139614954	1
GCF_017357825.1	5000	-0.00840557231500216	-0.004607812717434402	3
GCF_017357825.1	10000	-0.00840557231500216	-0.00652906267023988	3
GCF_017357825.1	20000	-0.00840557231500216	-0.007294627782947173	3
GCF_017493175.3	5000	-0.008131281953354542	0.00015269346032588236	5
GCF_017493175.3	10000	-0.008131281953354542	0.001955149392084484	5
GCF_017493175.3	20000	-0.008131281953354542	0.002062001152773918	5
GCF_017498525.1	5000	-0.028768230636655717	-0.017546914697485334	1
GCF_017498525.1	10000	-0.028768230636655717	-0.02056059287199217	1
GCF_017498525.1	20000	-0.028768230636655717	-0.008969730924644375	1
GCF_017901135.1	5000	-0.018543080945771232	-0.004664521137082097	3
GCF_017901135.1	10000	-0.018543080945771232	-0.000940446517281286	3
GCF_017901135.1	20000	-0.018543080945771232	-0.0016146103566191982	3
GCF_017901155.1	5000	-0.02026397549139214	-0.0008932146736192652	2
GCF_017901155.1	10000	-0.02026397549139214	-0.004855838958906335	2
GCF_017901155.1	20000	-0.02026397549139214	-0.0028982553670602405	2
GCF_017901175.1	5000	-0.014663610048846004	-0.007547234936380763	2
GCF_017901175.1	10000	-0.014663610048846004	-0.00802277845717351	2
GCF_017901175.1	20000	-0.014663610048846004	-0.004419073513352247	2
GCF_018243235.1	5000	0.014625048286895464	-0.002668031351625982	1
GCF_018243235.1	10000	0.014625048286895464	-0.009649176954302808	1
GCF_018243235.1	20000	0.014625048286895464	-0.005513906313740974	1
GCF_018279705.1	5000	-0.008565758631615494	-0.010300491834109374	2
GCF_018279705.1	10000	-0.008565758631615494	-0.0061856721224380655	2
GCF_018279705.1	20000	-0.008565758631615494	-0.006158490900830866	2
GCF_018282095.1	5000	0.01744272258422979	0.008657832729198123	1
GCF_018282095.1	10000	0.01744272258422979	0.012208499478469397	1
GCF_018282095.1	20000	0.01744272258422979	0.010226189927297135	1
GCF_018685455.1	5000	-0.005720417795347749	-0.004935686386864863	2
GCF_018685455.1	10000	-0.005720417795347749	-0.0019455256294457447	2
GCF_018685455.1	20000	-0.005720417795347749	0.0021723510369485314	2
GCF_018687595.1	5000	-0.005789767252307158	0.004563173715867792	2
GCF_018687595.1	10000	-0.005789767252307158	0.0019268989077107744	2
GCF_018687595.1	20000	-0.005789767252307158	-0.002029246138436261	2
GCF_018687955.1	5000	-0.005570576124140902	-0.005187567323910766	2
GCF_018687955.1	10000	-0.005570576124140902	-0.00395575968440901	2
GCF_018687955.1	20000	-0.005570576124140902	-0.004302585076978616	2
GCF_018688255.1	5000	0.005387388639082466	6.786472753049087e-05	2
GCF_018688255.1	10000	0.005387388639082466	-0.0036619433599351294	2
GCF_018688255.1	20000	0.005387388639082466	-0.006135489012759539	2
GCF_018736085.1	5000	-0.010391760753764561	0.0006063384374757619	2
GCF_018736085.1	10000	-0.010391760753764561	0.0022115016575466576	2
GCF_018736085.1	20000	-0.010391760753764561	0.0030567660978922523	2
GCF_018853465.2	5000	0.018277170859549167	-0.0032223767266819836	2
GCF_018853465.2	10000	0.018277170859549167	-0.006507838059363077	2
GCF_018853465.2	20000	0.018277170859549167	-0.007831485549503548	2
GCF_019203965.1	5000	-0.004465562162940398	0.002656005305099843	2
GCF_019203965.1	10000	-0.004465562162940398	0.0003394402567339805	2
GCF_019203965.1	20000	-0.004465562162940398	-0.00019881463621299056	2
GCF_019602855.1	5000	-0.003352580275257733	0.0029530374339951483	1
GCF_019602855.1	10000	-0.003352580275257733	0.00898021296030591	1
GCF_019602855.1	20000	-0.003352580275257733	0.006714035930837592	1
GCF_019931045.1	5000	-0.012788958539399781	-0.00918406169494862	1
GCF_019931045.1	10000	-0.012788958539399781	-0.014911529229841009	1
GCF_019931045.1	20000	-0.012788958539399781	-0.005354255606417857	1
GCF_019973615.1	5000	-0.015558788010560445	-0.006994305986772464	1
GCF_019973615.1	10000	-0.015558788010560445	0.001796651060311416	1
GCF_019973615.1	20000	-0.015558788010560445	0.005498889135530832	1
GCF_020080045.1	5000	-0.015926815088981378	-0.0059534491842566815	1
GCF_020080045.1	10000	-0.015926815088981378	-0.006846230724718	1
GCF_020080045.1	20000	-0.015926815088981378	0.013724995231240577	1
GCF_020162115.1	5000	0.0016202567710433251	-0.014914849850447824	2
GCF_020162115.1	10000	0.0016202567710433251	-0.012108646179811536	2
GCF_020162115.1	20000	0.0016202567710433251	-0.00930945938679675	2
GCF_020510525.1	5000	-0.039853325163771394	-0.019719679014523775	2
GCF_020510525.1	10000	-0.039853325163771394	-0.017288425204289554	2
GCF_020510525.1	20000	-0.039853325163771394	-0.012380452284128804	2
GCF_020510565.1	5000	-0.018372194578154546	-0.010370885664070906	2
GCF_020510565.1	10000	-0.018372194578154546	-0.015208208404150901	2
GCF_020510565.1	20000	-0.018372194578154546	-0.010997905527375812	2
GCF_020865585.1	5000	-0.004506314023293756	-0.002513040284585341	2
GCF_020865585.1	10000	-0.004506314023293756	-0.00023382209751312546	2
GCF_020865585.1	20000	-0.004506314023293756	-0.0033204538015425638	2
GCF_020886175.1	5000	-0.013298355162663596	-0.009912041829116584	2
GCF_020886175.1	10000	-0.013298355162663596	-0.010583388904233541	2
GCF_020886175.1	20000	-0.013298355162663596	-0.004124157844378618	2
GCF_020911965.1	5000	-0.014357830301154196	-0.008004335548435366	3
GCF_020911965.1	10000	-0.014357830301154196	-0.007125242461394062	3
GCF_020911965.1	20000	-0.014357830301154196	0.0029649892984736684	3
GCF_021044585.1	5000	0.0035262853048676733	0.004976619476072847	3
GCF_021044585.1	10000	0.0035262853048676733	0.014084234581234131	3
GCF_021044585.1	20000	0.0035262853048676733	0.0003713968965977107	3
GCF_021044685.1	5000	-0.010374739906446242	-0.0022870472376434166	2
GCF_021044685.1	10000	-0.010374739906446242	-0.001458917103959062	2
GCF_021044685.1	20000	-0.010374739906446242	-0.00543670800115644	2
GCF_021049305.1	5000	-0.0011191064819141895	-0.014321746855335504	1
GCF_021049305.1	10000	-0.0011191064819141895	-0.01566390725233676	1
GCF_021049305.1	20000	-0.0011191064819141895	-0.010755620679496808	1
GCF_021088345.1	5000	-0.006232960513168351	0.004791543265343886	4
GCF_021088345.1	10000	-0.006232960513168351	0.0013676372603063543	4
GCF_021088345.1	20000	-0.006232960513168351	-0.0002533847527139365	4
GCF_021165955.1	5000	-0.0057998549790977405	-0.006109894465299267	2
GCF_021165955.1	10000	-0.0057998549790977405	-0.004983837933886675	2
GCF_021165955.1	20000	-0.0057998549790977405	-0.009405004279690618	2
GCF_021173085.2	5000	0.015119533448469401	-0.00020949537598343725	1
GCF_021173085.2	10000	0.015119533448469401	-0.006681121077992391	1
GCF_021173085.2	20000	0.015119533448469401	-0.004433679532484585	1
GCF_021228795.1	5000	0.0013150379464644786	-0.005281731409494181	5
GCF_021228795.1	10000	0.0013150379464644786	-0.005940221231431911	5
GCF_021228795.1	20000	0.0013150379464644786	0.00019371685245457614	5
GCF_021249385.1	5000	-0.00426264081919098	-0.01623958683556523	2
GCF_021249385.1	10000	-0.00426264081919098	-0.005314010900026175	2
GCF_021249385.1	20000	-0.00426264081919098	-0.007668500479266913	2
GCF_021391315.1	5000	-0.005891922765399104	-0.010784994168386186	1
GCF_021391315.1	10000	-0.005891922765399104	-0.007954003900896362	1
GCF_021391315.1	20000	-0.005891922765399104	-0.006334632652342026	1
GCF_021650935.1	5000	-0.00826967886501716	-0.005265583520229089	3
GCF_021650935.1	10000	-0.00826967886501716	0.001998318413782828	3
GCF_021650935.1	20000	-0.00826967886501716	0.006339612789368849	3
GCF_022533465.1	5000	0.00831193782373089	0.010180512113432084	2
GCF_022533465.1	10000	0.00831193782373089	0.0007310390764305036	2
GCF_022533465.1	20000	0.00831193782373089	0.012418968749837668	2
GCF_022788655.1	5000	-0.01463533802569809	-0.008651575173673659	1
GCF_022788655.1	10000	-0.01463533802569809	0.0007808949938286125	1
GCF_022788655.1	20000	-0.01463533802569809	0.0035538945680683776	1
GCF_022811525.1	5000	-0.015415582833636735	-0.012463601048396214	1
GCF_022811525.1	10000	-0.015415582833636735	-0.01135020061779444	1
GCF_022811525.1	20000	-0.015415582833636735	-0.009887756760348847	1
GCF_022846375.1	5000	0.005011821857933712	0.004635312047603974	1
GCF_022846375.1	10000	0.005011821857933712	0.0002853852015907432	1
GCF_022846375.1	20000	0.005011821857933712	0.0011875433724167217	1
GCF_023278185.1	5000	-0.01859421315560845	-0.0030589215420079147	3
GCF_023278185.1	10000	-0.01859421315560845	-0.0037292261127429894	3
GCF_023278185.1	20000	-0.01859421315560845	-0.0022363157907539046	3
GCF_023733635.1	5000	-0.016367960601321806	-0.021645075646907663	3
GCF_023733635.1	10000	-0.016367960601321806	-0.0187794143580101	3
GCF_023733635.1	20000	-0.016367960601321806	-0.01807502570505706	3
GCF_023734135.1	5000	-0.0013784210333363188	-0.006088780714951697	1
GCF_023734135.1	10000	-0.0013784210333363188	-0.014234474443926809	1
GCF_023734135.1	20000	-0.0013784210333363188	-0.007910321836998696	1
GCF_024206795.1	5000	-0.007401376637009994	0.017474231942278692	2
GCF_024206795.1	10000	-0.007401376637009994	0.011229221282035622	2
GCF_024206795.1	20000	-0.007401376637009994	0.01353470905221308	2
GCF_024267655.1	5000	0.024928700476924845	-0.0008179406705342452	1
GCF_024267655.1	10000	0.024928700476924845	-0.004006094490413267	1
GCF_024267655.1	20000	0.024928700476924845	-0.007139298309027884	1
GCF_024347195.1	5000	-0.0049671100215423255	-0.0029142860253614012	1
GCF_024347195.1	10000	-0.0049671100215423255	0.0027202215584646557	1
GCF_024347195.1	20000	-0.0049671100215423255	-0.015099670200765516	1
GCF_024347215.1	5000	-0.015042810944384075	-0.002679105561009273	2
GCF_024347215.1	10000	-0.015042810944384075	0.0037624541901541573	2
GCF_024347215.1	20000	-0.015042810944384075	0.0006202164554743681	2
GCF_024347275.1	5000	-0.023395655070417073	-0.007223797618850008	1
GCF_024347275.1	10000	-0.023395655070417073	-0.0038879647976636567	1
GCF_024347275.1	20000	-0.023395655070417073	-0.006135122573218419	1
GCF_024662015.1	5000	-0.009100485466381564	-0.00822007167719226	1
GCF_024662015.1	10000	-0.009100485466381564	-0.006459680214848151	1
GCF_024662015.1	20000	-0.009100485466381564	-0.007846456791315015	1
GCF_024704525.1	5000	-0.00010694179895141542	-0.012427553057080681	1
GCF_024704525.1	10000	-0.00010694179895141542	-0.011410170410761306	1
GCF_024704525.1	20000	-0.00010694179895141542	-0.009478858065679158	1
GCF_024925465.1	5000	0.0041462665233520215	-0.013501008805035358	1
GCF_024925465.1	10000	0.0041462665233520215	-0.010034157174327285	1
GCF_024925465.1	20000	0.0041462665233520215	-0.0015485610857981058	1
GCF_025137635.1	5000	-0.00812325195992294	-0.0057412570878667525	1
GCF_025137635.1	10000	-0.00812325195992294	-0.0016209753044084062	1
GCF_025137635.1	20000	-0.00812325195992294	-0.004310472300527846	1
GCF_025139665.1	5000	0.0008294655643163113	-0.0027631454401245204	2
GCF_025139665.1	10000	0.0008294655643163113	-0.00713950828193092	2
GCF_025139665.1	20000	0.0008294655643163113	-0.005536070488802491	2
GCF_025200885.1	5000	-0.015319122284414725	-0.007708529544632139	4
GCF_025200885.1	10000	-0.015319122284414725	-0.0027834858911135654	4
GCF_025200885.1	20000	-0.015319122284414725	0.00010056819852506964	4
GCF_025200905.1	5000	-0.01845461858979964	-0.009469100444013483	2
GCF_025200905.1	10000	-0.01845461858979964	-0.004522929854943658	2
GCF_025200905.1	20000	-0.01845461858979964	-0.007302481003320449	2
GCF_025639885.1	5000	0.0015890955337927947	0.00416158715226983	1
GCF_025639885.1	10000	0.0015890955337927947	0.00019908874510037866	1
GCF_025639885.1	20000	0.0015890955337927947	0.002373588442113911	1
GCF_025857195.1	5000	-0.01663286418673902	-0.014368678065943375	1
GCF_025857195.1	10000	-0.01663286418673902	-0.017199021660207085	1
GCF_025857195.1	20000	-0.01663286418673902	-0.011269157347943166	1
GCF_025916135.1	5000	-0.015655685799523866	-0.010318290494421262	1
GCF_025916135.1	10000	-0.015655685799523866	-0.005264001827499887	1
GCF_025916135.1	20000	-0.015655685799523866	-0.002994674531963676	1
GCF_026013905.1	5000	-0.0025284953350989707	0.0020030073900579983	2
GCF_026013905.1	10000	-0.0025284953350989707	0.004617004965199942	2
GCF_026013905.1	20000	-0.0025284953350989707	-0.0003889203285218216	2
GCF_026191725.2	5000	-0.011467926741329775	-0.00010013960448941872	1
GCF_026191725.2	10000	-0.011467926741329775	0.0015742420432114268	1
GCF_026191725.2	20000	-0.011467926741329775	-0.0008528051849667206	1
GCF_026210475.1	5000	-0.004063584756325983	-0.016181903613455905	1
GCF_026210475.1	10000	-0.004063584756325983	-0.010748312422494055	1
GCF_026210475.1	20000	-0.004063584756325983	-0.008225338429048785	1
GCF_026409565.1	5000	-0.008312497942408969	-0.011742822984699391	1
GCF_026409565.1	10000	-0.008312497942408969	-0.008040997139896044	1
GCF_026409565.1	20000	-0.008312497942408969	-0.0020035663410421676	1
GCF_026427635.1	5000	0.0001711888465389999	-0.004526184541565964	1
GCF_026427635.1	10000	0.0001711888465389999	-0.005196400038775839	1
GCF_026427635.1	20000	0.0001711888465389999	-0.00717054237592824	1
GCF_026898155.1	5000	-0.01096667462097152	-0.00759889235741299	2
GCF_026898155.1	10000	-0.01096667462097152	-0.009436214062695167	2
GCF_026898155.1	20000	-0.01096667462097152	-0.009580301079541737	2
GCF_027594865.1	5000	-0.011337294142859096	-0.008226335617034635	3
GCF_027594865.1	10000	-0.011337294142859096	-0.005653152156662564	3
GCF_027594865.1	20000	-0.011337294142859096	-0.003971227059501723	3
GCF_027923555.1	5000	0.019599560250191057	0.030486673993005454	1
GCF_027923555.1	10000	0.019599560250191057	0.026498572644949973	1
GCF_027923555.1	20000	0.019599560250191057	0.01581472078900546	1
GCF_027924165.1	5000	-0.01120921073297276	-0.007530394524016955	2
GCF_027924165.1	10000	-0.01120921073297276	-0.007359991454403849	2
GCF_027924165.1	20000	-0.01120921073297276	-0.005450105937436819	2
GCF_027943725.1	5000	0.011190150281987657	-0.010259949169601788	1
GCF_027943725.1	10000	0.011190150281987657	0.03216674461795209	1
GCF_027943725.1	20000	0.011190150281987657	0.03180804499940999	1
GCF_027946175.1	5000	-0.0021285762277565706	-0.006643314821857	2
GCF_027946175.1	10000	-0.0021285762277565706	0.004007007869037156	2
GCF_027946175.1	20000	-0.0021285762277565706	0.00592114317704594	2
GCF_028215975.1	5000	0.038556131015988405	0.0042507690716122315	1
GCF_028215975.1	10000	0.038556131015988405	-0.00027504686484697283	1
GCF_028215975.1	20000	0.038556131015988405	0.002804751601248584	1
GCF_028553745.1	5000	-0.017562018619153002	-0.008452796522431472	1
GCF_028553745.1	10000	-0.017562018619153002	-0.007365419046790106	1
GCF_028553745.1	20000	-0.017562018619153002	0.0054163764717727325	1
GCF_028553805.1	5000	-0.00505057833170115	-0.009793819866702769	1
GCF_028553805.1	10000	-0.00505057833170115	-0.008889289155914798	1
GCF_028553805.1	20000	-0.00505057833170115	-0.014532606594411236	1
GCF_028885395.1	5000	-0.019883897101182768	-0.01755560740578948	1
GCF_028885395.1	10000	-0.019883897101182768	-0.008958390015385625	1
GCF_028885395.1	20000	-0.019883897101182768	-0.002901270898606312	1
GCF_029030725.1	5000	-0.004247019195108789	-0.009574754983051034	2
GCF_029030725.1	10000	-0.004247019195108789	-0.009041330520151956	2
GCF_029030725.1	20000	-0.004247019195108789	-0.002629687582849069	2
GCF_029318635.1	5000	0.026306215634612107	0.04724613015151437	1
GCF_029318635.1	10000	0.026306215634612107	0.03994834732168106	1
GCF_029318635.1	20000	0.026306215634612107	0.026842046095304984	1
GCF_029714345.1	5000	-0.017327453948871474	-0.003710812421349789	3
GCF_029714345.1	10000	-0.017327453948871474	-0.004865909802953432	3
GCF_029714345.1	20000	-0.017327453948871474	-0.004280918647082607	3
GCF_029714545.1	5000	-0.023326682656512082	-0.006828572878516882	3
GCF_029714545.1	10000	-0.023326682656512082	-0.008065757741438659	3
GCF_029714545.1	20000	-0.023326682656512082	-0.005721854136610181	3
GCF_029853695.1	5000	0.009160068946480342	-0.005305947515332065	1
GCF_029853695.1	10000	0.009160068946480342	-0.01076014408189977	1
GCF_029853695.1	20000	0.009160068946480342	-0.0016262604509071354	1
GCF_029854435.1	5000	0.002867970392251895	0.0021417266566793325	1
GCF_029854435.1	10000	0.002867970392251895	0.0031138717951067372	1
GCF_029854435.1	20000	0.002867970392251895	0.00458048312626746	1
GCF_029909795.1	5000	-0.0005148449716255665	-0.015119498371699019	1
GCF_029909795.1	10000	-0.0005148449716255665	-0.0159238176312209	1
GCF_029909795.1	20000	-0.0005148449716255665	-0.0007408175377805138	1
GCF_029953595.1	5000	-0.006664557636629836	-0.00442570663859575	1
GCF_029953595.1	10000	-0.006664557636629836	0.0029344035997577234	1
GCF_029953595.1	20000	-0.006664557636629836	0.0009583610162439526	1
GCF_029958925.1	5000	0.012220680576314969	0.00507180461039895	1
GCF_029958925.1	10000	0.012220680576314969	-0.0021854897608017234	1
GCF_029958925.1	20000	0.012220680576314969	0.0010978187764154267	1
GCF_030254645.1	5000	-0.008579972079213854	-0.015093878874995793	1
GCF_030254645.1	10000	-0.008579972079213854	-0.0078112782073393285	1
GCF_030254645.1	20000	-0.008579972079213854	-0.013861926365471155	1
GCF_030285785.1	5000	-0.005959483615536049	-0.003203567458072251	1
GCF_030285785.1	10000	-0.005959483615536049	-0.008208619758830093	1
GCF_030285785.1	20000	-0.005959483615536049	0.005789153317712831	1
GCF_030296055.1	5000	0.0001398667774326373	-0.009534730912242292	1
GCF_030296055.1	10000	0.0001398667774326373	-0.004591913953752147	1
GCF_030296055.1	20000	0.0001398667774326373	0.0023334501728002137	1
GCF_030407165.1	5000	-0.0008017967640082058	-0.0017169464737017137	1
GCF_030407165.1	10000	-0.0008017967640082058	-0.0055501587780820314	1
GCF_030407165.1	20000	-0.0008017967640082058	-0.005281712419684864	1
GCF_030413175.1	5000	0.0023078508585292106	0.006405296281944392	3
GCF_030413175.1	10000	0.0023078508585292106	0.003635739093035032	3
GCF_030413175.1	20000	0.0023078508585292106	0.0041593616154434075	3
GCF_030863885.1	5000	0.0018583310793483605	-0.005287080407012431	2
GCF_030863885.1	10000	0.0018583310793483605	-0.004336272117148629	2
GCF_030863885.1	20000	0.0018583310793483605	-0.0025612984567505385	2
GCF_032397745.1	5000	-0.002751894269513336	0.005781497141474468	2
GCF_032397745.1	10000	-0.002751894269513336	0.0007385643369243355	2
GCF_032397745.1	20000	-0.002751894269513336	-0.0017962895761945321	2
GCF_032842945.2	5000	-0.007991412062079817	0.007018419441942541	1
GCF_032842945.2	10000	-0.007991412062079817	0.014666152240556873	1
GCF_032842945.2	20000	-0.007991412062079817	0.01044601877743762	1
GCF_032850805.1	5000	-0.0023526520098651037	-0.011078707431062082	2
GCF_032850805.1	10000	-0.0023526520098651037	-0.005714385222045387	2
GCF_032850805.1	20000	-0.0023526520098651037	-0.008795405657252215	2
GCF_033100095.1	5000	-0.006573902487948283	-0.009322416632176547	2
GCF_033100095.1	10000	-0.006573902487948283	0.001312944335212379	2
GCF_033100095.1	20000	-0.006573902487948283	0.002626563200744328	2
GCF_033723955.1	5000	0.0032908751321198055	-0.01122104962444398	1
GCF_033723955.1	10000	0.0032908751321198055	-0.003181737920570782	1
GCF_033723955.1	20000	0.0032908751321198055	-0.006622805875724419	1
GCF_033954455.1	5000	0.002726919379614418	-0.00677975708399506	2
GCF_033954455.1	10000	0.002726919379614418	0.0012276022957776744	2
GCF_033954455.1	20000	0.002726919379614418	-0.0005505116361747192	2
GCF_033971325.1	5000	-0.007627565503223878	-0.011052286991735973	2
GCF_033971325.1	10000	-0.007627565503223878	-0.004139624968536784	2
GCF_033971325.1	20000	-0.007627565503223878	-0.004146451183435684	2
GCF_034371605.1	5000	-0.009412058571363662	-0.01093390577718376	1
GCF_034371605.1	10000	-0.009412058571363662	-0.001359586659276929	1
GCF_034371605.1	20000	-0.009412058571363662	0.0004951371471318578	1
GCF_034376865.1	5000	-0.008014572079273186	-0.007689300265513371	1
GCF_034376865.1	10000	-0.008014572079273186	-0.004041669948069376	1
GCF_034376865.1	20000	-0.008014572079273186	-9.098797875168319e-05	1
GCF_034423775.1	5000	-0.014060343416606566	-0.010372630700683994	1
GCF_034423775.1	10000	-0.014060343416606566	-0.012073563274670652	1
GCF_034423775.1	20000	-0.014060343416606566	-0.009770877553896894	1
GCF_034479635.1	5000	0.017727040771894718	-0.009188167451502964	3
GCF_034479635.1	10000	0.017727040771894718	-0.008977729513705414	3
GCF_034479635.1	20000	0.017727040771894718	-0.0009263935353986174	3
GCF_034555965.2	5000	-0.017047927506231613	-0.01715472538504348	1
GCF_034555965.2	10000	-0.017047927506231613	-0.013332030784545035	1
GCF_034555965.2	20000	-0.017047927506231613	-0.013733981664714252	1
GCF_035621355.1	5000	-0.005470767088184692	-0.009103255743260551	1
GCF_035621355.1	10000	-0.005470767088184692	-0.0030009609750446253	1
GCF_035621355.1	20000	-0.005470767088184692	-0.008759169251123406	1
GCF_036323495.1	5000	-0.009433218421873769	-0.01246668958846879	1
GCF_036323495.1	10000	-0.009433218421873769	-0.009094989720252253	1
GCF_036323495.1	20000	-0.009433218421873769	-0.007728418915477228	1
GCF_037101365.1	5000	0.005609150942664476	-0.005396605651127579	1
GCF_037101365.1	10000	0.005609150942664476	-0.014654999521398381	1
GCF_037101365.1	20000	0.005609150942664476	-0.004460805024066689	1
GCF_038368255.1	5000	-0.03374341510417722	-0.01912546056531489	2
GCF_038368255.1	10000	-0.03374341510417722	-0.01592506052101514	2
GCF_038368255.1	20000	-0.03374341510417722	-0.012595953972538817	2
GCF_038443675.1	5000	-0.006710339542025967	-0.004739837733713359	1
GCF_038443675.1	10000	-0.006710339542025967	-0.010158929020855512	1
GCF_038443675.1	20000	-0.006710339542025967	-0.009029349842155244	1
GCF_039619325.1	5000	0.0022399715399523236	0.0029807579933049055	1
GCF_039619325.1	10000	0.0022399715399523236	-0.0072082881424543	1
GCF_039619325.1	20000	0.0022399715399523236	-0.003701729510311591	1
GCF_039645565.1	5000	0.0008744705071242585	0.004246290093993602	3
GCF_039645565.1	10000	0.0008744705071242585	0.0050053280388186	3
GCF_039645565.1	20000	0.0008744705071242585	-0.0005348808602538432	3
GCF_039645585.1	5000	-0.0016032706277021745	-0.005815513931182826	3
GCF_039645585.1	10000	-0.0016032706277021745	0.0010101899816233027	3
GCF_039645585.1	20000	-0.0016032706277021745	-0.004828654195773154	3
GCF_039645955.1	5000	-0.005812338758738406	-0.0009511356599799422	3
GCF_039645955.1	10000	-0.005812338758738406	0.008145843987346413	3
GCF_039645955.1	20000	-0.005812338758738406	-0.0008399061154255322	3
GCF_039645965.1	5000	-0.010881942895366554	-0.00182002107690068	2
GCF_039645965.1	10000	-0.010881942895366554	-0.009443943530095577	2
GCF_039645965.1	20000	-0.010881942895366554	-0.0100969692566532	2
GCF_039645985.1	5000	-0.020462439679925195	-0.02090680453409339	1
GCF_039645985.1	10000	-0.020462439679925195	-0.009004531125529533	1
GCF_039645985.1	20000	-0.020462439679925195	-0.00480490962000614	1
GCF_039645995.1	5000	0.004135313297332564	0.0015663000477994678	3
GCF_039645995.1	10000	0.004135313297332564	0.01151956516378797	3
GCF_039645995.1	20000	0.004135313297332564	-0.0034253597994556464	3
GCF_039724765.1	5000	0.001091166173777297	0.006438136724961163	1
GCF_039724765.1	10000	0.001091166173777297	0.0025995170426167725	1
GCF_039724765.1	20000	0.001091166173777297	0.0028514894940252777	1
GCF_040269895.1	5000	-0.0006385881530492965	-0.0036997225146191528	1
GCF_040269895.1	10000	-0.0006385881530492965	-0.005947866107559652	1
GCF_040269895.1	20000	-0.0006385881530492965	0.004366361757973935	1
GCF_040409955.1	5000	-0.00934431498624017	-0.012118032202913543	1
GCF_040409955.1	10000	-0.00934431498624017	-0.009960586836384549	1
GCF_040409955.1	20000	-0.00934431498624017	-0.006616060561303305	1
GCF_040580765.1	5000	-0.013516598969597855	-0.014168652581522896	2
GCF_040580765.1	10000	-0.013516598969597855	-0.016002559771612915	2
GCF_040580765.1	20000	-0.013516598969597855	-0.010722531143653008	2
GCF_040790665.1	5000	-0.01265226332631279	-0.007235107043112027	1
GCF_040790665.1	10000	-0.01265226332631279	-1.782109350924044e-05	1
GCF_040790665.1	20000	-0.01265226332631279	-0.0004066234481390707	1
GCF_041200145.1	5000	-0.02259103003433917	-0.013795879035668784	3
GCF_041200145.1	10000	-0.02259103003433917	-0.011932123954951681	3
GCF_041200145.1	20000	-0.02259103003433917	-0.006043923099936993	3
GCF_041378895.1	5000	-0.02034952268604723	-0.008955546456791603	2
GCF_041378895.1	10000	-0.02034952268604723	-0.004391757528540816	2
GCF_041378895.1	20000	-0.02034952268604723	-0.003179715001747241	2
GCF_042019905.1	5000	-0.012136391257542957	-0.011386870139597938	3
GCF_042019905.1	10000	-0.012136391257542957	-0.005307021863455454	3
GCF_042019905.1	20000	-0.012136391257542957	-0.0056688531195970525	3
GCF_042214795.1	5000	0.022348025968470374	-0.005348362522609659	1
GCF_042214795.1	10000	0.022348025968470374	-0.007998351001305859	1
GCF_042214795.1	20000	0.022348025968470374	-0.0038271615674131424	1
GCF_044772865.1	5000	-0.010461880164125104	-0.003890303843699322	1
GCF_044772865.1	10000	-0.010461880164125104	-0.0035225093574837163	1
GCF_044772865.1	20000	-0.010461880164125104	-0.001735320145515823	1
GCF_045016065.1	5000	-0.01464736711329328	-0.014482499096834361	1
GCF_045016065.1	10000	-0.01464736711329328	-0.0060239644528721605	1
GCF_045016065.1	20000	-0.01464736711329328	-0.010754850006894601	1
GCF_045277565.1	5000	-0.010191201713517761	-0.008546988173871306	1
GCF_045277565.1	10000	-0.010191201713517761	-0.006351268355177242	1
GCF_045277565.1	20000	-0.010191201713517761	0.0005548544412979195	1
GCF_045571495.1	5000	-0.02490864887403156	-0.006940349517805702	2
GCF_045571495.1	10000	-0.02490864887403156	-0.0005349368747602306	2
GCF_045571495.1	20000	-0.02490864887403156	-0.00645256967017987	2
GCF_045689235.1	5000	-0.002739273691917082	-0.007598626702678202	1
GCF_045689235.1	10000	-0.002739273691917082	-0.005998879653588274	1
GCF_045689235.1	20000	-0.002739273691917082	-0.006542164857651606	1
GCF_045689245.1	5000	-0.006705728235774432	-0.003421653699947262	2
GCF_045689245.1	10000	-0.006705728235774432	-0.006853032097941521	2
GCF_045689245.1	20000	-0.006705728235774432	-0.0017235905124096506	2
GCF_047114695.1	5000	0.021268836914899922	0.02497069518582496	1
GCF_047114695.1	10000	0.021268836914899922	0.023747868623306738	1
GCF_047114695.1	20000	0.021268836914899922	0.026263782962313475	1
GCF_047222355.1	5000	-0.022922851557788733	-0.01179278940219989	2
GCF_047222355.1	10000	-0.022922851557788733	-0.01775570164604216	2
GCF_047222355.1	20000	-0.022922851557788733	-0.009158475954054505	2
GCF_047549485.1	5000	-0.013976544669219122	-0.005878246502054102	1
GCF_047549485.1	10000	-0.013976544669219122	-0.00017822516029804004	1
GCF_047549485.1	20000	-0.013976544669219122	0.003898849243916669	1
GCF_047715485.1	5000	-0.018025666878149205	-0.0029731775858263644	2
GCF_047715485.1	10000	-0.018025666878149205	-0.006909129854106896	2
GCF_047715485.1	20000	-0.018025666878149205	-0.006166805809342276	2
GCF_047716755.1	5000	-0.001396034392032508	-0.006013983686476913	3
GCF_047716755.1	10000	-0.001396034392032508	-0.004217293276678509	3
GCF_047716755.1	20000	-0.001396034392032508	-0.005030884949216415	3
GCF_048300925.1	5000	0.025442403742795966	0.005001499309120366	1
GCF_048300925.1	10000	0.025442403742795966	0.0007373594876779466	1
GCF_048300925.1	20000	0.025442403742795966	0.01081076617093446	1
GCF_048320235.1	5000	0.015855992042386552	-0.0027239178426261084	1
GCF_048320235.1	10000	0.015855992042386552	-0.004228336407611199	1
GCF_048320235.1	20000	0.015855992042386552	-0.00817874238557378	1
GCF_048398245.1	5000	-0.018186067437940705	-0.012431217082803652	1
GCF_048398245.1	10000	-0.018186067437940705	-0.014974877874942717	1
GCF_048398245.1	20000	-0.018186067437940705	-0.007606423468829499	1
GCF_049949285.1	5000	-0.012731107587635751	-0.009727210097111371	4
GCF_049949285.1	10000	-0.012731107587635751	-0.0010608485459840194	4
GCF_049949285.1	20000	-0.012731107587635751	-0.0011952294549598314	4
GCF_050626975.1	5000	0.015081920385789354	0.004392000665351459	1
GCF_050626975.1	10000	0.015081920385789354	-0.0023748008371994034	1
GCF_050626975.1	20000	0.015081920385789354	-0.005896064611675767	1
GCF_050749815.1	5000	-0.004622559443745849	-0.01421178109296894	1
GCF_050749815.1	10000	-0.004622559443745849	-0.012033064122915526	1
GCF_050749815.1	20000	-0.004622559443745849	-0.005846895167108734	1
GCF_052492955.1	5000	-0.028762515382860183	-0.019529422371178957	2
GCF_052492955.1	10000	-0.028762515382860183	-0.018839534986515926	2
GCF_052492955.1	20000	-0.028762515382860183	-0.0174957964231508	2
GCF_052921765.1	5000	0.0006893655488072415	-0.004708706462319645	1
GCF_052921765.1	10000	0.0006893655488072415	-0.011678294069919248	1
GCF_052921765.1	20000	0.0006893655488072415	-0.007916809586295514	1
GCF_053570685.1	5000	0.009715207677177066	0.0009396905538324269	3
GCF_053570685.1	10000	0.009715207677177066	-0.002120138552403429	3
GCF_053570685.1	20000	0.009715207677177066	0.0016363137116498817	3
GCF_053891795.1	5000	-0.030666114918219255	-0.029127090201854573	1
GCF_053891795.1	10000	-0.030666114918219255	-0.026686670372375633	1
GCF_053891795.1	20000	-0.030666114918219255	-0.022182686777047395	1
GCF_053893855.1	5000	-0.01425109859534363	-0.005275026550310469	1
GCF_053893855.1	10000	-0.01425109859534363	-0.0013004934669955726	1
GCF_053893855.1	20000	-0.01425109859534363	0.0009502581361928331	1
GCF_054052205.1	5000	-0.003642280689388366	-0.007725945605649587	1
GCF_054052205.1	10000	-0.003642280689388366	-0.011337823556400334	1
GCF_054052205.1	20000	-0.003642280689388366	-0.010809182609387864	1
GCF_054226325.1	5000	-0.014286846186456613	0.00888991637926812	2
GCF_054226325.1	10000	-0.014286846186456613	-0.00256095209815751	2
GCF_054226325.1	20000	-0.014286846186456613	-0.00559294012232949	2
GCF_054961475.1	5000	-0.01420516272000086	-0.016759084594037594	3
GCF_054961475.1	10000	-0.01420516272000086	-0.01529709986838848	3
GCF_054961475.1	20000	-0.01420516272000086	-0.01038684046809848	3
GCF_055378705.1	5000	-0.011424969659957285	-0.009680511771771256	2
GCF_055378705.1	10000	-0.011424969659957285	-0.00680345312648648	2
GCF_055378705.1	20000	-0.011424969659957285	-0.011623832755676461	2
GCF_055379455.1	5000	0.016851383386306415	-0.006396792043122224	2
GCF_055379455.1	10000	0.016851383386306415	-0.007682108110762314	2
GCF_055379455.1	20000	0.016851383386306415	-0.012784581840810955	2
GCF_055383025.1	5000	0.002144565958041337	-0.009256223183418432	3
GCF_055383025.1	10000	0.002144565958041337	-0.008837159648100308	3
GCF_055383025.1	20000	0.002144565958041337	-0.011464277968651826	3
GCF_055383445.1	5000	0.025004125497625505	0.0105336959389391	2
GCF_055383445.1	10000	0.025004125497625505	0.0037102249666174343	2
GCF_055383445.1	20000	0.025004125497625505	0.0052576202289277285	2
GCF_055384375.1	5000	0.005059892106640848	-0.0023901063913664726	1
GCF_055384375.1	10000	0.005059892106640848	0.008586619560932046	1
GCF_055384375.1	20000	0.005059892106640848	0.010069486972510214	1
GCF_055385215.1	5000	-0.01780564875271992	-0.004178630138989554	2
GCF_055385215.1	10000	-0.01780564875271992	-0.003028525045435662	2
GCF_055385215.1	20000	-0.01780564875271992	-0.004258821586057599	2
GCF_055385515.1	5000	0.006313336339153564	-0.002195203657551706	1
GCF_055385515.1	10000	0.006313336339153564	-0.007162753166499089	1
GCF_055385515.1	20000	0.006313336339153564	-0.004189249003073633	1
GCF_055386385.1	5000	-0.011983632697462096	-0.005660032602775567	3
GCF_055386385.1	10000	-0.011983632697462096	-0.008362177848470239	3
GCF_055386385.1	20000	-0.011983632697462096	-0.01032693300332741	3
GCF_055386745.1	5000	0.01513228136037451	0.00039827578430888245	1
GCF_055386745.1	10000	0.01513228136037451	-0.009046875000392984	1
GCF_055386745.1	20000	0.01513228136037451	-0.004252045343533522	1
GCF_055387065.1	5000	-0.012866180225433968	0.00017508248192511225	4
GCF_055387065.1	10000	-0.012866180225433968	0.005276376340857223	4
GCF_055387065.1	20000	-0.012866180225433968	-0.007102881210834836	4
GCF_055390195.1	5000	0.005710347106038969	-0.004427948403117743	1
GCF_055390195.1	10000	0.005710347106038969	-0.0006029594415891737	1
GCF_055390195.1	20000	0.005710347106038969	0.00445976754249792	1
GCF_055393575.1	5000	0.00046386884247734406	-0.0006609456015112481	1
GCF_055393575.1	10000	0.00046386884247734406	-0.003977080375034986	1
GCF_055393575.1	20000	0.00046386884247734406	-0.0001914391184101083	1
GCF_055396925.1	5000	-0.005967108381775371	-0.003267846366815946	1
GCF_055396925.1	10000	-0.005967108381775371	0.001294772321894555	1
GCF_055396925.1	20000	-0.005967108381775371	-0.009274842350185535	1
GCF_056716105.1	5000	0.006750313510203814	0.0003781116899752507	3
GCF_056716105.1	10000	0.006750313510203814	-0.00531268877784756	3
GCF_056716105.1	20000	0.006750313510203814	-0.0035540196736557187	3
GCF_058747975.1	5000	0.011873364912846823	0.007287709231759976	1
GCF_058747975.1	10000	0.011873364912846823	-0.004313458468828529	1
GCF_058747975.1	20000	0.011873364912846823	-0.006052133053479553	1
GCF_900096765.1	5000	-0.014634997252583985	-0.0021967180215470908	2
GCF_900096765.1	10000	-0.014634997252583985	-0.001932801757311585	2
GCF_900096765.1	20000	-0.014634997252583985	-0.00022037417748173044	2
GCF_900130075.1	5000	-0.012632422706086891	-0.006029678253150136	1
GCF_900130075.1	10000	-0.012632422706086891	-0.009103141733953015	1
GCF_900130075.1	20000	-0.012632422706086891	-0.010711511520128836	1
GCF_900142435.1	5000	0.01934210078120825	-0.0020280107785195177	1
GCF_900142435.1	10000	0.01934210078120825	0.00010041411576619252	1
GCF_900142435.1	20000	0.01934210078120825	0.0004047712137556059	1
GCF_900187205.1	5000	-0.00013584735709069596	-0.012356357786376487	1
GCF_900187205.1	10000	-0.00013584735709069596	-0.006639318411113049	1
GCF_900187205.1	20000	-0.00013584735709069596	0.0016996652654854393	1
GCF_900231165.1	5000	-0.0018333501420041923	-0.010539274042625908	2
GCF_900231165.1	10000	-0.0018333501420041923	-0.005311184354857321	2
GCF_900231165.1	20000	-0.0018333501420041923	-0.007733034701933709	2
GCF_900250125.1	5000	0.0003674063069408235	-0.00041659713169684125	2
GCF_900250125.1	10000	0.0003674063069408235	0.001878069815204886	2
GCF_900250125.1	20000	0.0003674063069408235	0.006637942796718834	2
GCF_900324035.1	5000	-0.012808623753416834	0.00020032181329884824	2
GCF_900324035.1	10000	-0.012808623753416834	-0.0018576708737880507	2
GCF_900324035.1	20000	-0.012808623753416834	-0.005149723430733614	2
GCF_964020785.1	5000	0.00609261553684436	0.0003141891609977725	3
GCF_964020785.1	10000	0.00609261553684436	-0.0034813338432110093	3
GCF_964020785.1	20000	0.00609261553684436	-0.0038176005761183392	3
GCF_964332355.1	5000	-0.008042819489510024	-0.0027468921579198377	3
GCF_964332355.1	10000	-0.008042819489510024	0.0028111857650350495	3
GCF_964332355.1	20000	-0.008042819489510024	-0.0008843950588267517	3
GCF_964341695.1	5000	-0.005258419859483965	-0.008607954148851637	1
GCF_964341695.1	10000	-0.005258419859483965	0.00600078082590042	1
GCF_964341695.1	20000	-0.005258419859483965	0.00436843658840187	1
