assembly_accession	gtdb_class	gtdb_order	module_class	module_completeness	hgt_recipient_fraction_mean	hgt_recipient_fraction_max	mean_transfer_events_per_sample	sox_families_in_generax	architecture_rarity_mean	architecture_rarity_max	operon_architectures	sox_clusters	mean_strand_coherence	mean_abs_sox_gene_gc_deviation	max_abs_sox_gene_gc_deviation	mean_abs_sox_local_gc_deviation	max_abs_sox_local_gc_deviation	matched_mobile_count_difference	matched_mobile_presence_difference
GCF_000006985.1	c__Chlorobiia	o__Chlorobiales	near_complete	3	0.08399999999999999	0.3	0.34400000000000003	5.0	0.8866107125974483	0.8866107125974483	1	1	1.0	0.0164686114013917	0.0424223190558625	0.00613635067209076	0.0088310731225692	-0.15	-0.1
GCF_000008625.1	c__Aquificia	o__Aquificales	near_complete	3	0.0	0.0	0.2	5.0	1.479527324485541	1.479527324485541	1	1	1.0	0.02753637224849324	0.0515258495838061	0.00256177527276134	0.0039598138391448	-0.1	-0.1
GCF_000011965.2	c__Alphaproteobacteria	o__Rhodobacterales	complete	4	0.34	0.87	0.27666666666666667	6.0	0.8263148107101972	0.8263148107101972	1	1	1.0	0.028347660207891034	0.0740295399366984	0.0015006555026582226	0.0034026469955824	-0.15	-0.1
GCF_000012965.1	c__Campylobacteria	o__Campylobacterales	complete	4	0.1925	0.65	0.20750000000000002	4.0	1.222659641565307	1.5587085705331658	2	2	1.0	0.022000853969364825	0.0405944401207917	0.016375917141768313	0.0347037053727143	-0.375	-0.25
GCF_000013885.1	c__Alphaproteobacteria	o__Rhizobiales	complete	4	0.13333333333333333	0.74	0.27499999999999997	6.0	0.9385587795318096	0.9905068464661707	2	2	1.0	0.028571343242797333	0.0384453831658599	0.011925830455380032	0.0156062118363082	0.75	0.8
GCF_000014025.1	c__Campylobacteria	o__Campylobacterales	complete	4					1.1784973288215597	1.1784973288215597	1	1	1.0	0.04691738199231597	0.0650892725740688	0.006097960330583016	0.0105242227604244	-0.05	-0.05
GCF_000014865.1	c__Magnetococcia	o__Magnetococcales	near_complete	3	0.0	0.0	0.01	1.0	1.280886617142935	1.8597385661971468	3	3	1.0	0.02098163000301892	0.0401732785266407	0.015482584903168872	0.0453379626011617	-0.4666666666666666	-0.2833333333333333
GCF_000015585.1	c__Gammaproteobacteria	o__Nitrococcales	near_complete	3	0.4325	0.96	0.49	4.0	2.859738566197147	2.859738566197147	1	1	1.0	0.010942125354660074	0.0301574335083242	0.006505060333464225	0.0078953853383351	-0.05	-0.05
GCF_000015725.1	c__Gammaproteobacteria	o__Burkholderiales	complete	4	0.4375	0.87	0.25	4.0	1.2897278953450135	2.2576785748691846	3	4	1.0	0.017969614606839632	0.0360867526204883	0.013620196932858633	0.0193608903784543	0.325	0.38749999999999996
GCF_000016345.1	c__Gammaproteobacteria	o__Burkholderiales	complete	4	0.26	0.47	0.17	3.0	1.008264943106369	1.0963105726342095	2	2	1.0	0.020964945516372412	0.0524099010771039	0.0171116269750115	0.0199442312835309	-0.175	-0.125
GCF_000018145.1	c__Alphaproteobacteria	o__Rhodobacterales	complete	4	0.528	0.92	0.13999999999999999	5.0	0.908410828588184	0.9905068464661707	2	2	1.0	0.02332926736351704	0.0643372858500155	0.011400991486298214	0.0145853817105869	0.35	0.425
GCF_000019785.1	c__Gammaproteobacteria	o__Burkholderiales	complete	4	0.0	0.0	0.0	3.0	1.008264943106369	1.0963105726342095	2	2	1.0	0.03505667008712211	0.0588102087669065	0.009914164156848466	0.0244857880161638	-0.175	-0.07500000000000001
GCF_000019945.1	c__Alphaproteobacteria	o__Rhizobiales	complete	4					0.8263148107101972	0.8263148107101972	1	1	1.0	0.03983688689392855	0.1178451051807115	0.024190674206305385	0.0260178309628815	0.55	0.7
GCF_000020505.1	c__Chlorobiia	o__Chlorobiales	near_complete	3	0.312	0.63	0.098	5.0	0.8866107125974483	0.8866107125974483	1	1	1.0	0.02036238191884936	0.0324825380495701	0.01434526115013352	0.0219485705768883	0.0	0.0
GCF_000020645.1	c__Chlorobiia	o__Chlorobiales	near_complete	3	0.0	0.0	0.0	3.0	0.9914606426158289	1.0963105726342095	2	2	1.0	0.03029706157476303	0.0730088796036898	0.0318341157478505	0.0357225378663777	-0.575	-0.3
GCF_000021545.1	c__Aquificia	o__Aquificales	near_complete	3	0.0	0.0	0.0	5.0	0.8866107125974483	0.8866107125974483	1	1	1.0	0.044236776484610496	0.0716214233949471	0.013131737554312739	0.0162492163647514	-0.25	-0.2
GCF_000021565.1	c__Aquificia	o__Aquificales	near_complete	3	0.0	0.0	0.0	5.0	0.8866107125974483	0.8866107125974483	1	1	1.0	0.031519754083621176	0.0554650208919103	0.00122846738429564	0.0017756501195179	-0.05	-0.05
GCF_000021985.1	c__Gammaproteobacteria	o__Ectothiorhodospirales	near_complete	3	0.0	0.0	0.0	1.0	2.0328645567188435	2.859738566197147	4	4	1.0	0.03202990702422479	0.1135927409949981	0.012913380961139401	0.0418421378037336	-0.5	-0.3125
GCF_000022145.1	c__Myxococcia	o__Myxococcales	complete	4	0.8533333333333334	0.9	0.47833333333333333	6.0	0.9202193135785284	0.9202193135785284	1	1	1.0	0.03544476862865092	0.0804982135787896	0.015592830043180033	0.0184811963174948	-0.7	-0.2
GCF_000024425.1	c__Deinococci	o__Deinococcales	complete	4	0.0975	0.14	0.06	4.0	1.905496056757822	1.905496056757822	1	1	1.0	0.009171085938420125	0.0344554481670447	0.005063795537200575	0.006899814930258	-0.15	-0.15
GCF_000024765.1	c__Gammaproteobacteria	o__Halothiobacillales	complete	4	0.0	0.0	0.0	6.0	1.4898115768592881	2.3826173114774845	3	3	0.888888888888889	0.04211685450796673	0.0830841326861715	0.011918048902181066	0.0199787734399429	-0.2833333333333333	-0.21666666666666667
GCF_000025485.1	c__Gammaproteobacteria	o__Chromatiales	near_complete	3	0.096	0.48	0.066	5.0	1.5889489442238562	2.081587315813503	2	2	0.8333333333333334	0.01476343995359338	0.0291629942941963	0.00737548860927602	0.0163714258894976	-0.225	-0.125
GCF_000025605.1	c__Aquificia	o__Aquificales	near_complete	3	0.186	0.93	0.2	5.0	1.479527324485541	1.479527324485541	1	1	1.0	0.023713583236162898	0.0374512829290225	0.01169660575889408	0.0121723635314431	0.95	0.95
GCF_000025705.1	c__Gammaproteobacteria	o__Burkholderiales	near_complete	3	0.48	0.87	0.054000000000000006	5.0	0.8866107125974483	0.8866107125974483	1	1	1.0	0.03147587514601806	0.0560937531342641	0.02975608847942372	0.0312564373413716	-0.2	-0.1
GCF_000069785.1	c__Gammaproteobacteria	o__Burkholderiales	complete	4	0.08199999999999999	0.35	0.182	5.0	0.9553630800223496	0.9905068464661707	2	2	1.0	0.020875360141236216	0.0394408390596123	0.013432707541184242	0.0243388952151853	-0.05	-0.05
GCF_000083545.1	c__Alphaproteobacteria	o__Rhizobiales	complete	4					1.925122706331659	2.859738566197147	2	2	0.9375	0.0271965717988269	0.1011767382480354	0.02059257726587112	0.0349199951477037	-0.1	0.27499999999999997
GCF_000091545.1	c__Deinococci	o__Deinococcales	complete	4	0.0	0.0	0.0	4.0	1.905496056757822	1.905496056757822	1	1	1.0	0.024086530798547775	0.0457475080144115	0.0038250884277440875	0.0121086477641462	-0.25	-0.2
GCF_000092125.1	c__Deinococci	o__Deinococcales	complete	4	0.07666666666666666	0.11	0.7799999999999999	3.0	1.4480014516119963	1.905496056757822	2	2	1.0	0.023823035686696845	0.0472836417516076	0.02226261264117578	0.0312437805094261	-1.9249999999999998	-0.3500000000000001
GCF_000092245.1	c__Campylobacteria	o__Campylobacterales	complete	4	0.0016666666666666668	0.01	0.0	6.0	1.1784973288215597	1.1784973288215597	1	1	1.0	0.0399769551269973	0.074007387773749	0.005035586668968683	0.0094553430679597	-0.1	-0.1
GCF_000092925.1	c__Alphaproteobacteria	o__Rhizobiales	complete	4	0.0	0.0	0.0	3.0	1.4780245694156782	1.8597385661971468	2	2	0.8333333333333333	0.024045451858328834	0.0788473004222645	0.008743268130223188	0.018471076160471	-0.175	-0.125
GCF_000143145.1	c__Alphaproteobacteria	o__Rhizobiales	complete	4	0.4275	0.73	0.36	4.0	1.4481653313231881	2.2576785748691846	3	3	0.8666666666666667	0.027207137934520887	0.058963497773017	0.02043646809198355	0.0293439913451225	0.9833333333333334	0.31666666666666665
GCF_000147355.1	c__Campylobacteria	o__Campylobacterales	complete	4	0.085	0.28	0.23	4.0	1.222659641565307	1.5587085705331658	2	2	1.0	0.03503577908920896	0.057119653561597	0.00872895649713985	0.0136827439140171	-0.1	-0.1
GCF_000153125.2	c__Gammaproteobacteria	o__Pseudomonadales	complete	4	0.10833333333333334	0.31	0.13999999999999999	6.0	1.1784973288215597	1.1784973288215597	1	1	1.0	0.017119415534255916	0.0510587849835363	0.0026723989876732	0.0043785461511196	-1.1	-0.45
GCF_000154705.2	c__Alphaproteobacteria	o__Rhizobiales	complete	4	0.2833333333333333	0.94	0.10666666666666667	6.0	0.8263148107101972	0.8263148107101972	1	1	1.0	0.023330638766306647	0.0671880394577869	0.0034858045471090338	0.0051181352597611	-0.2	-0.15
GCF_000154785.2	c__Alphaproteobacteria	o__Rhodobacterales	complete	4	0.030000000000000002	0.14	0.12333333333333334	6.0	0.8263148107101972	0.8263148107101972	1	1	1.0	0.02405764649545958	0.0662505551569813	0.004358744761185367	0.0061773532556457	-0.2	-0.15
GCF_000158095.2	c__Alphaproteobacteria	o__Rhizobiales	complete	4	0.008333333333333333	0.04	0.0016666666666666668	6.0	0.8263148107101972	0.8263148107101972	1	1	1.0	0.0222599917408474	0.0428534495329007	0.0005390177825672476	0.0009904173707888	-0.2	-0.1
GCF_000164905.1	c__Aquificia	o__Aquificales	near_complete	3					2.859738566197147	2.859738566197147	1	1	1.0	0.041875563560452946	0.0612734909939849	0.008071893434596383	0.0099668455161638	-0.05	-0.05
GCF_000183725.1	c__Campylobacteria	o__Campylobacterales	near_complete	3	0.032	0.09	0.02	5.0	0.8866107125974483	0.8866107125974483	1	1	1.0	0.02270395849273504	0.0511452066305456	0.00870250616662044	0.0100654520584066	-0.05	-0.05
GCF_000186245.1	c__Campylobacteria	o__Campylobacterales	complete	4	0.39999999999999997	0.87	0.19666666666666666	6.0	1.1784973288215597	1.1784973288215597	1	1	1.0	0.03095447701081885	0.0697314029369686	0.013602191426892516	0.0145178735554064	-0.4	-0.25
GCF_000192745.1	c__Alphaproteobacteria	o__Rhizobiales	complete	4	0.31	0.9	0.805	6.0	2.859738566197147	2.859738566197147	1	1	1.0	0.0197778708728147	0.0658418506101305	0.008059649692670368	0.0110985500089672	-0.75	-0.25
GCF_000202835.1	c__Alphaproteobacteria	o__Acetobacterales	complete	4	0.7999999999999999	0.91	0.695	6.0	1.1784973288215597	1.1784973288215597	1	1	1.0	0.03555423392105505	0.0497992314575707	0.024979789330517418	0.0265859391532495	0.15	0.6
GCF_000214275.2	c__Gammaproteobacteria	o__Methylococcales	near_complete	3					1.6986289188301873	1.8597385661971468	2	2	1.0	0.02382800025227538	0.0428477956983229	0.02039369885329238	0.0230876823506583	-0.15000000000000002	0.175
GCF_000215705.1	c__Gammaproteobacteria	o__Burkholderiales	complete	4	0.32833333333333337	0.93	0.011666666666666667	6.0	0.9202193135785284	0.9202193135785284	1	1	1.0	0.038128565233021654	0.0749670531593956	0.0199714759069848	0.0239080782003504	0.0	0.0
GCF_000218565.1	c__Alphaproteobacteria	o__Rhizobiales	complete	4	0.006	0.02	0.006	5.0	2.558708570533166	2.558708570533166	1	1	0.8571428571428571	0.04730343536361963	0.0855621170497894	0.03481920431695522	0.0371419991902844	-0.45	-0.1
GCF_000219215.1	c__Gammaproteobacteria	o__Burkholderiales	complete	4	0.11000000000000001	0.28	0.074	5.0	0.9553630800223496	0.9905068464661707	2	2	1.0	0.022183956551697543	0.0464086262454358	0.029293706692468356	0.0349494976235508	-0.275	-0.25
GCF_000219915.2	c__Gammaproteobacteria	o__Burkholderiales	complete	4	0.5133333333333333	0.84	0.38999999999999996	3.0	1.7746077084996683	2.859738566197147	3	4	1.0	0.0321324139982899	0.0961502702244619	0.009939150821018013	0.0140550360005519	0.0	0.0
GCF_000221025.1	c__Gammaproteobacteria	o__Acidithiobacillales	near_complete	3					1.6346140120374664	2.3826173114774845	2	2	1.0	0.054418154372392835	0.0992999307234331	0.01996157233413448	0.0374451756946165	-1.125	-0.04999999999999999
GCF_000224005.2	c__Gammaproteobacteria	o__Chromatiales	near_complete	3	0.146	0.38	0.5900000000000001	5.0	1.5889489442238562	2.081587315813503	2	2	0.8333333333333333	0.02796529698230744	0.0627678923615111	0.0071075184993158996	0.0116003733909492	-0.3	-0.15
GCF_000227685.2	c__Gammaproteobacteria	o__Ectothiorhodospirales	near_complete	3	0.0	0.0	0.0	5.0	1.5494901234267757	2.01464052618289	3	3	1.0	0.021781755865779663	0.0355803690578859	0.00702175162693454	0.0152611507074973	0.0	0.21666666666666665
GCF_000227745.2	c__Gammaproteobacteria	o__Chromatiales	near_complete	3	0.052000000000000005	0.17	0.057999999999999996	5.0	1.4978561367648613	1.8597385661971468	3	3	1.0	0.0241439035057241	0.0482918951449296	0.00855802346635496	0.0112143961751813	-0.2166666666666667	-0.18333333333333332
GCF_000242915.1	c__Campylobacteria	o__Campylobacterales	complete	4	0.0	0.0	0.0	4.0	1.222659641565307	1.5587085705331658	2	2	1.0	0.03223368392634505	0.0520196009905289	0.007524948363823175	0.0136127028273092	-0.175	-0.125
GCF_000253115.1	c__Gammaproteobacteria	o__Burkholderiales	complete	4	0.0	0.0	0.0	6.0	0.9202193135785284	0.9202193135785284	1	1	1.0	0.07459002861448479	0.1199455849463747	0.028862564203537614	0.0295465170113833	-0.85	-0.4
GCF_000284275.1	c__Alphaproteobacteria	o__Rhizobiales	complete	4					0.9911427105659429	1.0963105726342095	3	3	1.0	0.018108951028718324	0.0468264129530673	0.007534702580045234	0.0117839372357236	-0.016666666666666666	-0.016666666666666666
GCF_000297055.2	c__Gammaproteobacteria	o__Burkholderiales	near_complete	3	0.094	0.35	0.604	5.0	0.8866107125974483	0.8866107125974483	1	1	1.0	0.0230667527612601	0.0342238381732825	0.038450183696918425	0.0462420414145471	0.0	0.0
GCF_000309885.1	c__Deinococci	o__Deinococcales	complete	4					1.905496056757822	1.905496056757822	1	1	1.0	0.024348767654434576	0.0450692161327358	0.008321695050226988	0.0091928967274249	-0.25	-0.2
GCF_000321415.2	c__Gammaproteobacteria	o__Ectothiorhodospirales	near_complete	3	0.002	0.01	0.0	5.0	1.5494901234267757	2.01464052618289	3	3	1.0	0.02340208576375092	0.0287419438181517	0.004538878730593681	0.0069034619485072	-0.3	-0.18333333333333335
GCF_000344805.1	c__Alphaproteobacteria	o__Rhizobiales	complete	4					0.9499357356020064	1.0963105726342095	4	4	1.0	0.018350236078204754	0.0610483409625934	0.01571110527368346	0.0271856335313734	-0.037500000000000006	-0.037500000000000006
GCF_000504585.2	c__Gammaproteobacteria	o__Burkholderiales	complete	4					0.9202193135785284	0.9202193135785284	1	1	1.0	0.01685594530163818	0.0334941516880585	0.022408819347461115	0.0385148794632773	-0.1	-0.05
GCF_000511355.1	c__Alphaproteobacteria	o__Rhodobacterales	complete	4	0.0	0.0	0.0	6.0	0.8263148107101972	0.8263148107101972	1	1	1.0	0.028088886651703882	0.0625712039579542	0.0015297131164391667	0.0027881567326003	0.0	0.0
GCF_000511385.1	c__Alphaproteobacteria	o__Rhodobacterales	complete	4	0.0	0.0	0.0	6.0	0.8263148107101972	0.8263148107101972	1	1	1.0	0.024523019699792984	0.0519501787133618	0.0021691336691473336	0.0040679149322639	-0.3	-0.15
GCF_000512735.1	c__Aquificia	o__Aquificales	near_complete	3	0.0	0.0	0.0	5.0	1.479527324485541	1.479527324485541	1	1	1.0	0.0376015997585218	0.0474789997105868	0.01080294010835424	0.0110598386314672	0.0	0.0
GCF_000590925.1	c__Alphaproteobacteria	o__Rhodobacterales	complete	4	0.0	0.0	0.0	6.0	0.8263148107101972	0.8263148107101972	1	1	1.0	0.02797898466435715	0.0517958523097941	0.0050480335753624	0.0074062942029541	-0.1	-0.05
GCF_000807775.2	c__Gammaproteobacteria	o__Burkholderiales	complete	4	0.03333333333333333	0.2	0.01	6.0	0.9202193135785284	0.9202193135785284	1	1	1.0	0.00967993078923245	0.0239903051339732	0.0155117078915488	0.0362128347568501	-0.1	-0.1
GCF_000815105.2	c__Gammaproteobacteria	o__Burkholderiales	complete	4	0.09333333333333334	0.22	0.075	6.0	0.9202193135785284	0.9202193135785284	1	1	1.0	0.007832677970315801	0.017854824943115	0.022097350871686964	0.0391739746006545	-0.15	-0.15
GCF_000826835.2	c__Alphaproteobacteria	o__Rhodobacterales	complete	4					0.8263148107101972	0.8263148107101972	1	1	1.0	0.028832717665717652	0.0556146663506922	0.00240254432657685	0.004259680784271	-0.15	-0.1
GCF_000828615.1	c__Gammaproteobacteria	o__Chromatiales	near_complete	3	0.502	0.92	0.06000000000000001	5.0	2.2576785748691846	2.2576785748691846	1	1	1.0	0.02443746301681544	0.0500979106223713	0.0017910013934977602	0.0033904001960107	-0.1	-0.05
GCF_000828635.1	c__Gammaproteobacteria	o__Burkholderiales	near_complete	3	0.0	0.0	0.0	1.0	1.8686029496773626	2.2576785748691846	2	2	1.0	0.023625200783346643	0.0557510491069948	0.003274050418352289	0.0055579484894459	-0.07500000000000001	-0.07500000000000001
GCF_000934605.2	c__Gammaproteobacteria	o__Burkholderiales	complete	4	0.15333333333333332	0.61	0.18499999999999997	6.0	0.9202193135785284	0.9202193135785284	1	1	1.0	0.009071524173310417	0.0228005340573298	0.009142814476931533	0.0188014079472551	-0.55	-0.35
GCF_000954135.1	c__Gammaproteobacteria	o__Burkholderiales	near_complete	3					1.479527324485541	1.479527324485541	1	1	1.0	0.021953442613631302	0.036271235677851	0.00812775575451076	0.0126686968596096	-0.6	-0.2
GCF_000967425.1	c__Alphaproteobacteria	o__Rhizobiales	complete	4	0.7050000000000001	0.97	0.16166666666666665	6.0	0.8263148107101972	0.8263148107101972	1	1	1.0	0.012856674719388934	0.0518159955287816	0.004336034991382667	0.0058412455697719	-0.15	-0.1
GCF_000968535.2	c__Gammaproteobacteria	o__Methylococcales	complete	4	0.5516666666666666	0.82	0.4916666666666667	6.0	1.9113608147489325	2.558708570533166	4	4	1.0	0.039463623873259884	0.0658857885469161	0.006736531202586718	0.0150205089110501	-0.4	-0.2
GCF_000972785.3	c__Gammaproteobacteria	o__Burkholderiales	complete	4	0.04666666666666666	0.21	0.2383333333333333	6.0	0.9202193135785284	0.9202193135785284	1	1	1.0	0.011302713028373816	0.0209619241510869	0.016954401753203268	0.0279869199539415	-1.7	-0.35
GCF_000973625.1	c__Gammaproteobacteria	o__Burkholderiales	complete	4	0.0	0.0	0.0	3.0	1.008264943106369	1.0963105726342095	2	2	1.0	0.01401598282764702	0.0306209722543004	0.0017009857565860333	0.00375331560506	-0.05	-0.05
GCF_000987835.1	c__Campylobacteria	o__Campylobacterales	complete	4	0.23	0.91	0.04	4.0	1.222659641565307	1.5587085705331658	2	2	1.0	0.04502510462651338	0.115858959955406	0.0304124165527687	0.0343899432888605	-0.275	-0.225
GCF_001007875.1	c__Gammaproteobacteria	o__Chromatiales	near_complete	3	0.0	0.0	0.0	1.0	1.9673365743104407	2.558708570533166	4	4	1.0	0.04513111717549221	0.0939508855536067	0.020047779616012982	0.0301715012736331	-0.1	-0.05
GCF_001017435.1	c__Gammaproteobacteria	o__Burkholderiales	near_complete	3	0.184	0.92	0.0	5.0	1.479527324485541	1.479527324485541	1	1	1.0	0.009463892664812361	0.0244989920268871	0.00166865400715124	0.0039217951832966	-0.2	-0.1
GCF_001020955.1	c__Gammaproteobacteria	o__Ectothiorhodospirales	near_complete	3					1.757771920439453	2.859738566197147	3	4	1.0	0.033079057468350284	0.056803665661967	0.016112793091474956	0.0629902311632528	0.1375	0.175
GCF_001029105.3	c__Gammaproteobacteria	o__Burkholderiales	complete	4	0.15	0.6	0.22666666666666666	6.0	0.9202193135785284	0.9202193135785284	1	1	1.0	0.015293968202773183	0.0286946066369037	0.010809711528407484	0.0228102215609018	1.85	0.85
GCF_001051995.2	c__Gammaproteobacteria	o__Burkholderiales	complete	4	0.145	0.29	0.015	2.0	1.4384339463918658	1.9566485792052033	2	2	1.0	0.02257213663977787	0.042410639843638	0.01224072633457505	0.0230957543979062	-0.30000000000000004	-0.2
GCF_001187845.1	c__Alphaproteobacteria	o__Rhodobacterales	complete	4	0.018333333333333333	0.08	0.135	6.0	0.8263148107101972	0.8263148107101972	1	1	1.0	0.018577135734430816	0.0316783227350679	0.0028022129138958666	0.0067123290734221	0.0	0.0
GCF_001305575.3	c__Gammaproteobacteria	o__Beggiatoales	near_complete	3	0.22749999999999998	0.49	0.33999999999999997	4.0	1.5718057199703133	2.081587315813503	3	3	1.0	0.03783031412606193	0.0715946060833853	0.014872599434097201	0.0228927023796784	-0.10000000000000002	-0.03333333333333336
GCF_001305595.1	c__Alphaproteobacteria	o__Azospirillales	complete	4	0.8533333333333334	0.87	0.6233333333333334	6.0	0.9202193135785284	0.9202193135785284	1	1	1.0	0.017691090928010217	0.0533778439329662	0.005675651486206134	0.0139648890886515	1.35	0.75
GCF_001308265.1	c__Alphaproteobacteria	o__Rhodobacterales	complete	4	0.39666666666666667	0.96	0.395	6.0	0.8263148107101972	0.8263148107101972	1	1	1.0	0.02079665088781815	0.0351318285374	0.006726580577248083	0.0082471171551229	-0.65	-0.3
GCF_001465545.3	c__Gammaproteobacteria	o__Burkholderiales	complete	4	0.4916666666666667	0.92	0.023333333333333334	6.0	0.9202193135785284	0.9202193135785284	1	1	1.0	0.012029324076054115	0.0248434939416265	0.005912178297324467	0.0113128628960254	-0.05	-0.05
GCF_001465595.2	c__Gammaproteobacteria	o__Burkholderiales	complete	4	0.011666666666666667	0.07	0.2966666666666667	6.0	0.9202193135785284	0.9202193135785284	1	1	1.0	0.01211036467719965	0.0245458065456357	0.014647027328220949	0.0336552003474606	-0.15	-0.15
GCF_001579845.1	c__Alphaproteobacteria	o__Rhizobiales	complete	4	0.105	0.21	0.14	2.0	1.2651019373803813	2.2576785748691846	3	5	0.9199999999999999	0.02193644177122218	0.0444741595593235	0.012785350989430382	0.0464921094636182	0.15	0.05
GCF_001587155.1	c__Gammaproteobacteria	o__Burkholderiales	near_complete	3					1.479527324485541	1.479527324485541	1	1	1.0	0.0272218946857881	0.0374531736828884	0.01182626137594192	0.0207668360889929	-0.2	-0.1
GCF_001598055.1	c__Gammaproteobacteria	o__Burkholderiales	complete	4	0.06799999999999999	0.29	0.057999999999999996	5.0	0.9553630800223496	0.9905068464661707	2	2	1.0	0.02159865685467376	0.0453407316904727	0.010786808525392572	0.0238501866353896	-0.025000000000000022	0.14999999999999997
GCF_001620265.1	c__Alphaproteobacteria	o__Rhodobacterales	complete	4	0.35000000000000003	0.9	0.36000000000000004	6.0	0.8263148107101972	0.8263148107101972	1	1	1.0	0.024448871357805935	0.0683610595788791	0.011111112488607399	0.0133022955986631	-0.7	-0.25
GCF_001633165.1	c__Alphaproteobacteria	o__Rhodobacterales	complete	4	0.38000000000000006	0.88	0.29833333333333334	6.0	0.8263148107101972	0.8263148107101972	1	1	1.0	0.022112226483500086	0.0505922119368889	0.005207267721674367	0.0109513143764253	-1.05	-0.45
GCF_001642675.1	c__Alphaproteobacteria	o__Rhizobiales	complete	4					0.9499357356020064	1.0963105726342095	4	4	1.0	0.013410607352188419	0.0363291825687214	0.013271765922701706	0.01885125808168	-0.26249999999999996	0.06249999999999999
GCF_001659725.1	c__Gammaproteobacteria	o__Burkholderiales	complete	4	0.2833333333333333	0.82	0.14666666666666667	3.0	1.188781581195307	1.479527324485541	3	3	1.0	0.01870936230504793	0.0432972832927984	0.007316277348137122	0.0102115511047771	-0.26666666666666666	-0.16666666666666666
GCF_001663815.1	c__Gammaproteobacteria	o__Halothiobacillales	complete	4	0.0	0.0	0.0	6.0	1.4898115768592881	2.3826173114774845	3	3	0.888888888888889	0.04584458139100528	0.0775162535601418	0.016332404439720116	0.0249982351640153	-0.16666666666666666	-0.13333333333333333
GCF_001663855.1	c__Gammaproteobacteria	o__Burkholderiales	near_complete	3					1.479527324485541	1.479527324485541	1	1	1.0	0.029525237856407982	0.0423758272982667	0.0005322371126740598	0.0010637898819841	-0.45	-0.1
GCF_001693385.1	c__Alphaproteobacteria	o__Rhizobiales	complete	4	0.0	0.0	0.0	1.0	1.0904063301390374	1.1784973288215597	4	4	1.0	0.023246857358014492	0.0501599119365221	0.0125175875354599	0.0190858715281264	0.2375	0.11249999999999999
GCF_001693515.2	c__Alphaproteobacteria	o__Rhizobiales	complete	4	0.16333333333333333	0.49	0.09000000000000001	3.0	1.1374039507278846	1.1784973288215597	2	2	1.0	0.027354283196282702	0.0519018831406693	0.011999858198117145	0.0136012357817688	-0.325	-0.2
GCF_001705075.2	c__Gammaproteobacteria	o__Acidiferrobacterales	near_complete	3					0.9914606426158289	1.0963105726342095	2	2	1.0	0.02789140407470117	0.0519576982022371	0.0204294731692983	0.0249272726522763	-0.25	0.024999999999999994
GCF_001723605.1	c__Campylobacteria	o__Campylobacterales	complete	4	0.26166666666666666	0.88	0.2683333333333333	6.0	1.1784973288215597	1.1784973288215597	1	1	1.0	0.027744159604540464	0.0525912071271638	0.012521643041323216	0.0176578457985268	-0.2	-0.15
GCF_001747405.1	c__Chlorobiia	o__Chlorobiales	near_complete	3	0.13599999999999998	0.25	0.202	5.0	0.8866107125974483	0.8866107125974483	1	1	1.0	0.013461453834902059	0.032700478339593	0.059198582598302775	0.0651513662720991	-0.6	-0.45
GCF_001753165.1	c__Gammaproteobacteria	o__DSM-5130	near_complete	3	0.0775	0.31	0.1375	4.0	2.06485061840585	2.558708570533166	3	4	1.0	0.055982614708987605	0.0929040551632774	0.024288872906651618	0.0338747357551182	0.32500000000000007	-0.07500000000000001
GCF_001753245.1	c__Gammaproteobacteria	o__DSM-5130	near_complete	3	0.0	0.0	0.0	3.0	2.009388431001761	2.558708570533166	4	4	1.0	0.023849124648704815	0.0550747437749097	0.02119296914724834	0.0272509554460643	-0.425	-0.2
GCF_001761385.1	c__Gammaproteobacteria	o__Burkholderiales	complete	4	0.145	0.71	0.155	6.0	0.9202193135785284	0.9202193135785284	1	1	1.0	0.015440393468175948	0.0407420084348595	0.008968787291498616	0.0110116884718227	-0.3	-0.15
GCF_001854125.1	c__Gammaproteobacteria	o__Pseudomonadales	complete	4	0.0	0.0	0.0	6.0	1.1784973288215597	1.1784973288215597	1	1	1.0	0.016298881521291882	0.0364785879907509	0.02164458616600375	0.0244694977567803	-0.05	-0.05
GCF_001854325.1	c__Gammaproteobacteria	o__Burkholderiales	complete	4	0.04666666666666667	0.27	0.24833333333333332	6.0	0.9202193135785284	0.9202193135785284	1	1	1.0	0.02090979283297115	0.0564893707469374	0.016961553663719032	0.0182534557243314	-0.2	-0.1
GCF_001870665.2	c__Alphaproteobacteria	o__Rhodobacterales	complete	4					0.8263148107101972	0.8263148107101972	1	1	1.0	0.020108258644621717	0.0486550206393838	0.0052243245894945	0.0074558917401893	-0.15	-0.15
GCF_001888185.1	c__Alphaproteobacteria	o__Rhodobacterales	complete	4	0.0	0.0	0.0	6.0	0.8263148107101972	0.8263148107101972	1	1	1.0	0.031093288004497916	0.0585721808031737	0.008259003112720766	0.012368037071764	-0.05	-0.05
GCF_001889605.1	c__Alphaproteobacteria	o__Rhizobiales	complete	4	0.02333333333333333	0.12	0.45166666666666666	6.0	0.8263148107101972	0.8263148107101972	1	1	1.0	0.023757149829195783	0.0664624403857545	0.007893966031998349	0.0103285072204599	-0.45	-0.15
GCF_001940525.2	c__Alphaproteobacteria	o__Rhodobacterales	complete	4	0.0016666666666666668	0.01	0.0016666666666666668	6.0	0.8263148107101972	0.8263148107101972	1	1	1.0	0.024231566842493616	0.0753089416448392	0.0052539076385992	0.0069674513964173	-0.2	-0.1
GCF_001953055.1	c__Alphaproteobacteria	o__Rhizobiales	near_complete	3	0.53	0.92	0.32	5.0	0.8866107125974483	0.8866107125974483	1	1	1.0	0.016383207104225462	0.0365258126306743	0.00888975134943798	0.0097714786888003	-0.05	-0.05
GCF_001955735.1	c__Gammaproteobacteria	o__Burkholderiales	complete	4					0.9202193135785284	0.9202193135785284	1	1	1.0	0.02379181044141662	0.038630349056644	0.017082990700071535	0.0180473159330059	-0.15	-0.1
GCF_001956695.1	c__Campylobacteria	o__Campylobacterales	complete	4	0.26166666666666666	0.85	0.08	6.0	1.1784973288215597	1.1784973288215597	1	1	1.0	0.036183074801562194	0.0550981085486053	0.008505259847146583	0.0100947543036293	-0.05	-0.05
GCF_001969385.1	c__Alphaproteobacteria	o__Rhodobacterales	complete	4	0.0	0.0	0.3333333333333333	6.0	0.8263148107101972	0.8263148107101972	1	1	1.0	0.02138824355901453	0.0450076645505186	0.007227690124274167	0.0130568945134622	-0.15	-0.05
GCF_001975705.1	c__Alphaproteobacteria	o__Rhodobacterales	complete	4	0.0	0.0	0.0	6.0	0.8263148107101972	0.8263148107101972	1	1	1.0	0.027803840333625717	0.0657968830726305	0.005330093703957667	0.0084307601458346	-0.25	-0.15
GCF_001999245.1	c__Alphaproteobacteria	o__Rhizobiales	complete	4	0.013333333333333334	0.04	0.005	6.0	0.8263148107101972	0.8263148107101972	1	1	1.0	0.028435892887932232	0.040206430046396	0.010617770828172633	0.0141693477318075	-0.25	-0.1
GCF_002028405.1	c__Gammaproteobacteria	o__Burkholderiales	complete	4	0.0	0.0	0.0	6.0	0.9202193135785284	0.9202193135785284	1	1	1.0	0.06562689224057228	0.0989880917440682	0.0341675026843741	0.036627231151145	-0.25	-0.15
GCF_002085925.2	c__Alphaproteobacteria	o__Rhodobacterales	complete	4	0.0	0.0	0.0	6.0	0.8263148107101972	0.8263148107101972	1	1	1.0	0.022281814984252534	0.0810232058011065	0.006854415136078616	0.0079554185344835	-0.2	-0.15
GCF_002119765.1	c__Alphaproteobacteria	o__Rhizobiales	complete	4	0.06666666666666667	0.18	0.39666666666666667	3.0	1.4780245694156782	1.8597385661971468	2	2	0.8333333333333334	0.017823306611798664	0.0476012119185699	0.01096024392957049	0.0157458756648048	0.375	0.425
GCF_002215215.1	c__Gammaproteobacteria	o__Granulosicoccales	complete	4	0.8699999999999999	0.92	0.274	5.0	0.9558748018432631	0.9905068464661707	2	3	1.0	0.02263422142564708	0.0547489999348291	0.005177548721982401	0.0141454012576425	-0.5333333333333333	-0.20000000000000004
GCF_002222655.1	c__Gammaproteobacteria	o__Burkholderiales	complete	4	0.06833333333333334	0.32	0.22333333333333336	6.0	0.9202193135785284	0.9202193135785284	1	1	1.0	0.015442205838900117	0.0383953206951187	0.006889687709174666	0.009537263440579	-0.1	-0.1
GCF_002266435.3	c__Alphaproteobacteria	o__Rhizobiales	complete	4					0.9499357356020064	1.0963105726342095	4	4	1.0	0.016853483514931593	0.0535869008234588	0.003742677368904307	0.0087144731733914	-0.0125	-0.0125
GCF_002278135.3	c__Alphaproteobacteria	o__Rhizobiales	complete	4	0.0	0.0	0.02	1.0	0.9364120319806183	1.0963105726342095	3	3	1.0	0.02045930261660572	0.0645523950831623	0.010443767293411616	0.0148576638986002	-0.5	-0.21666666666666667
GCF_002355335.1	c__Alphaproteobacteria	o__Rhizobiales	complete	4	0.17	0.48	0.013333333333333334	3.0	1.8311894700981945	2.3826173114774845	3	3	1.0	0.021069438448156754	0.0491378764421678	0.006333306746287267	0.0148965061732841	-0.016666666666666666	-0.016666666666666666
GCF_002355415.1	c__Gammaproteobacteria	o__Acidiferrobacterales	near_complete	3	0.0	0.0	0.0	3.0	1.0264106192886224	1.0963105726342095	2	3	1.0	0.03344022164950444	0.0714127858767642	0.03607511320496755	0.0484032632351253	-0.26666666666666666	-0.08333333333333333
GCF_002355735.1	c__Gammaproteobacteria	o__Acidiferrobacterales	near_complete	3	0.0	0.0	0.0033333333333333335	3.0	0.9914606426158289	1.0963105726342095	2	2	1.0	0.03250125356432556	0.0672082584092542	0.0203948623627466	0.0230152782991497	-0.05	-0.05
GCF_002407265.1	c__Alphaproteobacteria	o__Rhodobacterales	complete	4					0.8263148107101972	0.8263148107101972	1	1	1.0	0.02596864069035125	0.0800905145610461	0.0073107776378595335	0.0099175530777978	0.75	0.95
GCF_002504165.1	c__Alphaproteobacteria	o__Rhodobacterales	complete	4	0.245	0.88	0.7116666666666666	6.0	0.8263148107101972	0.8263148107101972	1	1	1.0	0.025465646613547135	0.0749849166299748	0.016056897601437217	0.0176099946073367	-0.1	-0.1
GCF_002795845.1	c__Gammaproteobacteria	o__Pseudomonadales	complete	4	0.29333333333333333	0.86	0.5750000000000001	6.0	1.1784973288215597	1.1784973288215597	1	1	1.0	0.0237694303014503	0.0313797016740411	0.0047479942355926	0.0064026463460369	-0.25	-0.1
GCF_002865605.1	c__Alphaproteobacteria	o__Rhodobacterales	complete	4	0.3416666666666666	0.91	0.12333333333333334	6.0	0.8263148107101972	0.8263148107101972	1	1	1.0	0.03716103610104921	0.1107984535816296	0.0009806909001529834	0.0021850098288921	-0.2	-0.1
GCF_002872475.1	c__Gammaproteobacteria	o__Burkholderiales	complete	4	0.11333333333333334	0.32	0.13	6.0	0.9202193135785284	0.9202193135785284	1	1	1.0	0.02506229053039963	0.0460651070451932	0.009243443521886666	0.0114003917413667	0.75	0.75
GCF_002892185.1	c__Alphaproteobacteria	o__Rhodobacterales	complete	4					0.8263148107101972	0.8263148107101972	1	1	1.0	0.032430364151151116	0.0652591128052625	0.002563144024665283	0.0062645033029433	0.0	0.0
GCF_002983865.1	c__Alphaproteobacteria	o__Rhodobacterales	complete	4					0.8263148107101972	0.8263148107101972	1	1	1.0	0.020134459887079365	0.0754788511660451	0.00221848702660765	0.0032017270090831	-0.15	-0.1
GCF_002995515.1	c__Alphaproteobacteria	o__Rhodospirillales	near_complete	3					0.9914606426158289	1.0963105726342095	2	2	1.0	0.02533711083318734	0.0478976456851272	0.006028448691897157	0.0099463563041966	-0.65	-0.175
GCF_003008515.1	c__Alphaproteobacteria	o__Rhizobiales	complete	4	0.0	0.0	0.0	2.0	1.8597385661971468	1.8597385661971468	2	2	0.8333333333333334	0.02061377826427732	0.0500912962017725	0.0051831319274285	0.0084610238739849	0.0	0.0
GCF_003008555.2	c__Alphaproteobacteria	o__Rhodobacterales	complete	4	0.32666666666666666	0.93	0.6833333333333332	6.0	0.8263148107101972	0.8263148107101972	1	1	1.0	0.027481795703510236	0.0533542423777532	0.019057940013079266	0.0214722815284896	4.6	0.85
GCF_003008575.1	c__Gammaproteobacteria	o__Burkholderiales	complete	4	0.08833333333333333	0.3	0.46166666666666667	6.0	0.9202193135785284	0.9202193135785284	1	1	1.0	0.019915778412538814	0.0475075129717353	0.002212849415005883	0.0066342601607662	-0.9	-0.35
GCF_003065365.1	c__Gammaproteobacteria	o__Burkholderiales	complete	4	0.023333333333333334	0.06	0.17833333333333334	6.0	0.9202193135785284	0.9202193135785284	1	1	1.0	0.010354750962241399	0.0165153590290036	0.0005191826532556242	0.0010818261369218	-0.15	-0.1
GCF_003065385.1	c__Gammaproteobacteria	o__Burkholderiales	complete	4	0.19000000000000003	0.79	0.17166666666666666	6.0	0.9202193135785284	0.9202193135785284	1	1	1.0	0.017409789119414414	0.0395289122577394	0.014580433397973333	0.0163640773204086	-0.7	-0.15
GCF_003324675.1	c__Alphaproteobacteria	o__Rhodobacterales	complete	4	0.23166666666666666	0.95	0.028333333333333335	6.0	0.8263148107101972	0.8263148107101972	1	1	1.0	0.03611496467805335	0.0874749592067397	0.004347204196282683	0.0070722669961299	-0.05	-0.05
GCF_003346755.1	c__Campylobacteria	o__Campylobacterales	complete	4					1.1784973288215597	1.1784973288215597	1	1	1.0	0.03906732561699472	0.0617771318268705	0.004273372104221617	0.0067835129061588	-0.05	-0.05
GCF_003346815.1	c__Campylobacteria	o__Campylobacterales	complete	4	0.125	0.74	0.17833333333333334	6.0	1.1784973288215597	1.1784973288215597	1	1	1.0	0.03418126646570365	0.0679259739645765	0.005745151059545583	0.0115698715173233	1.0	1.0
GCF_003355515.1	c__Campylobacteria	o__Campylobacterales	complete	4	0.0	0.0	0.0	6.0	1.1784973288215597	1.1784973288215597	1	1	1.0	0.0411778076979432	0.066882979426906	0.0024848898158764334	0.0060537924072121	-0.55	-0.2
GCF_003403095.1	c__Alphaproteobacteria	o__Rhodospirillales	complete	4	0.84	0.94	0.26	6.0	0.8263148107101972	0.8263148107101972	1	1	1.0	0.020105843348911318	0.0504722590022144	0.00550927337592615	0.0067087405412831	-0.3	-0.1
GCF_003544815.1	c__Campylobacteria	o__Campylobacterales	complete	4	0.23333333333333336	0.93	0.16333333333333333	6.0	1.1784973288215597	1.1784973288215597	1	1	1.0	0.03389955799342413	0.0550667368757519	0.008333819715275567	0.0116851107310338	-0.1	-0.1
GCF_003544835.1	c__Campylobacteria	o__Campylobacterales	complete	4	0.205	0.9	0.075	6.0	1.1784973288215597	1.1784973288215597	1	1	1.0	0.0367149849496943	0.0603614310295639	0.007399749801484517	0.0122024503644507	-0.15	-0.15
GCF_003544855.1	c__Campylobacteria	o__Campylobacterales	complete	4	0.0	0.0	0.16166666666666665	6.0	1.1784973288215597	1.1784973288215597	1	1	1.0	0.0416906178385282	0.062962706652373	0.007736194147868616	0.0106112963779582	-0.05	-0.05
GCF_003544895.1	c__Alphaproteobacteria	o__Rhodobacterales	complete	4	0.655	0.9	0.34	6.0	0.8263148107101972	0.8263148107101972	1	1	1.0	0.03444682412176015	0.0616954322858097	0.0028306126258082665	0.0058424369916537	-0.1	-0.1
GCF_003544915.1	c__Campylobacteria	o__Campylobacterales	complete	4	0.0033333333333333335	0.02	0.0	6.0	1.1784973288215597	1.1784973288215597	1	1	1.0	0.046915722346877936	0.0751484572333707	0.0023863025785458166	0.004693696610882	-0.8	-0.25
GCF_003544935.1	c__Campylobacteria	o__Campylobacterales	complete	4	0.0	0.0	0.0016666666666666668	6.0	1.1784973288215597	1.1784973288215597	1	1	1.0	0.0413081747690746	0.0618623423798397	0.0027226053885590334	0.0046898669366725	-0.25	-0.15
GCF_003568585.1	c__Deinococci	o__Deinococcales	complete	4					1.905496056757822	1.905496056757822	1	1	1.0	0.012511190948867837	0.0509907950069423	0.0009259634358732625	0.0016217400540304	-0.25	-0.2
GCF_003568845.1	c__Alphaproteobacteria	o__Azospirillales	complete	4	0.415	0.83	0.24	2.0	2.859738566197147	2.859738566197147	2	2	1.0	0.03223274506964643	0.1007266606017137	0.034183861846052835	0.0546966374039202	-0.225	-0.125
GCF_003574215.1	c__Gammaproteobacteria	o__Burkholderiales	complete	4	0.3433333333333333	0.88	0.5116666666666667	6.0	0.9202193135785284	0.9202193135785284	1	1	1.0	0.04620041587825585	0.0888316187499277	0.03163841156047575	0.0345659492866321	-0.2	-0.2
GCF_003660105.1	c__Campylobacteria	o__Campylobacterales	complete	4	0.0	0.0	0.16666666666666666	6.0	1.1784973288215597	1.1784973288215597	1	1	1.0	0.043552627100796194	0.0688853262480064	0.00476023632178445	0.0070902804560441	-0.1	-0.05
GCF_003711085.1	c__Campylobacteria	o__Campylobacterales	complete	4					1.1784973288215597	1.1784973288215597	1	1	1.0	0.035848368751215436	0.0521738865850706	0.009061375471284201	0.011250670831679	-0.4	-0.15
GCF_003721225.2	c__Gammaproteobacteria	o__Acidithiobacillales	near_complete	3	0.0	0.0	0.0	5.0	0.8866107125974483	0.8866107125974483	1	1	1.0	0.05137992047768024	0.0859387387883044	0.00352575658060104	0.004517429097797	-0.7	-0.45
GCF_003966565.1	c__Gammaproteobacteria	o__Burkholderiales	near_complete	3	0.0	0.0	0.0	3.0	2.558708570533166	2.558708570533166	1	1	1.0	0.011004938333827572	0.0131015494442913	0.009652893693869772	0.0131644835301569	0.0	0.0
GCF_003966715.1	c__Alphaproteobacteria	o__Rhizobiales	complete	4	0.42500000000000004	0.77	0.20500000000000002	4.0	1.4780245694156782	1.8597385661971468	2	2	0.8333333333333334	0.015080509103247711	0.0491143795081555	0.009924811374225137	0.0238693159145921	-0.375	-0.3
GCF_003967195.1	c__Gammaproteobacteria	o__AKS1	near_complete	3	0.56	0.56	0.16	1.0	1.3325206038048494	2.01464052618289	3	3	1.0	0.03657434890630159	0.0886995583481612	0.03253362481986468	0.071604280025672	-0.06666666666666667	-0.06666666666666667
GCF_003967275.1	c__Gammaproteobacteria	o__Burkholderiales	near_complete	3	0.096	0.34	0.27	5.0	0.8866107125974483	0.8866107125974483	1	1	1.0	0.03158588001226596	0.054575988849666	0.01020008598467524	0.0116426276353802	0.7	0.75
GCF_003970735.1	c__Alphaproteobacteria	o__Rhodobacterales	complete	4					0.8263148107101972	0.8263148107101972	1	1	1.0	0.025788843875758666	0.067734967251841	0.0140004248634583	0.0164680894388598	-0.05	-0.05
GCF_004001245.1	c__Gammaproteobacteria	o__Thiohalomonadales	near_complete	3	0.0	0.0	0.0	1.0	1.7221971102721831	2.2576785748691846	5	5	1.0	0.019686178890720815	0.0386927847405653	0.017132095421696684	0.0247980090664972	-0.26	-0.07999999999999999
GCF_004006175.1	c__Alphaproteobacteria	o__Rhodobacterales	complete	4	0.0016666666666666668	0.01	0.0	6.0	0.8263148107101972	0.8263148107101972	1	1	1.0	0.02756032092674382	0.0494985263573447	0.009959732398323868	0.0122446281231791	-0.15	-0.1
GCF_004063735.1	c__Alphaproteobacteria	o__Rhodobacterales	complete	4					0.8263148107101972	0.8263148107101972	1	1	1.0	0.02874651595891095	0.0710244972116275	0.0044464563672496	0.0097497006858094	-0.15	-0.15
GCF_004114915.1	c__Alphaproteobacteria	o__Rhizobiales	complete	4	0.0	0.0	0.03	1.0	0.9364120319806183	1.0963105726342095	3	3	1.0	0.01874842316990895	0.0611531857805244	0.011050361397446765	0.0190461060579583	-0.08333333333333333	-0.05000000000000001
GCF_004114935.1	c__Alphaproteobacteria	o__Rhizobiales	near_complete	3	0.0	0.0	0.0	2.0	0.9914606426158289	1.0963105726342095	2	2	1.0	0.020628271316609575	0.0428612551395766	0.020351555018016186	0.0226782531638154	-0.47500000000000003	-0.2
GCF_004114955.1	c__Alphaproteobacteria	o__Rhizobiales	complete	4					0.9634594392233945	1.0963105726342095	4	6	1.0	0.012924342872778783	0.0377770698240196	0.00985623465704457	0.0454880191730094	-0.125	-0.08333333333333333
GCF_004114975.1	c__Alphaproteobacteria	o__Rhizobiales	complete	4					0.9499357356020064	1.0963105726342095	4	4	1.0	0.013111157213842668	0.0633994651513851	0.00908631540320588	0.0192621622020441	0.024999999999999994	0.1125
GCF_004214795.1	c__Campylobacteria	o__Campylobacterales	complete	4	0.1	0.46	0.252	5.0	1.8686029496773626	2.558708570533166	2	2	1.0	0.039628257476451	0.0706903215287771	0.009941564022349329	0.014246739720066	0.95	0.625
GCF_004214815.1	c__Campylobacteria	o__Campylobacterales	complete	4	0.0	0.0	0.0	6.0	1.1784973288215597	1.1784973288215597	1	1	1.0	0.043029251504876166	0.0588089786726426	0.00544938762725655	0.0105782875721914	-0.15	-0.1
GCF_004299785.2	c__Campylobacteria	o__Campylobacterales	complete	4	0.0	0.0	0.0	6.0	1.1784973288215597	1.1784973288215597	1	1	1.0	0.044804920682878335	0.0671393257725491	0.006922611048291367	0.0079628174572138	-0.8	0.4
GCF_004323595.1	c__Gammaproteobacteria	o__Burkholderiales	near_complete	3	0.0	0.0	0.0	3.0	2.558708570533166	2.558708570533166	1	1	1.0	0.024421256203038397	0.0316212243744549	0.0016735648634957285	0.0037771522385368	-0.3	-0.2
GCF_004353865.1	c__Gammaproteobacteria	o__Burkholderiales	complete	4					0.9202193135785284	0.9202193135785284	1	1	1.0	0.017019362376200216	0.0263901249323254	0.0015189226568702498	0.0027990424326587	-0.3	-0.15
GCF_004684245.1	c__Deinococci	o__Deinococcales	complete	4	0.0	0.0	0.0	4.0	1.905496056757822	1.905496056757822	1	1	1.0	0.022956659725728037	0.0486696780372416	0.009084545500600151	0.014247906483412	-0.25	-0.25
GCF_004786015.1	c__Gammaproteobacteria	o__Thiomicrospirales	near_complete	3	0.588	0.9	0.27	5.0	1.6986289188301873	1.8597385661971468	2	2	1.0	0.02256965688951934	0.0410400394552087	0.00578202765387458	0.0075940743773418	-0.35	-0.2
GCF_005144885.1	c__Alphaproteobacteria	o__Rhizobiales	complete	4	0.0033333333333333335	0.01	0.0	3.0	1.4780245694156782	1.8597385661971468	2	2	0.8333333333333333	0.025706029004036755	0.0883285579350161	0.008499148902342978	0.0206814070647115	-0.4	-0.175
GCF_005234135.1	c__Alphaproteobacteria	o__Rhodobacterales	complete	4	0.17666666666666667	0.7	0.27499999999999997	6.0	0.8263148107101972	0.8263148107101972	1	1	1.0	0.028408306407105	0.0688417080163409	0.0139722089928486	0.0159425416306615	-1.5	-0.45
GCF_005931095.1	c__Gammaproteobacteria	o__Methylococcales	complete	4					1.9113608147489325	2.558708570533166	4	4	1.0	0.04094580934951839	0.072811972444222	0.006221737737610683	0.0136883562080595	-0.3625	-0.3
GCF_006459125.1	c__Campylobacteria	o__Campylobacterales	complete	4	0.021666666666666667	0.13	0.0016666666666666668	6.0	1.1784973288215597	1.1784973288215597	1	1	1.0	0.041610834487951	0.0692517959253393	0.005667283569625933	0.0113153535099529	-0.05	-0.05
GCF_006740765.1	c__Alphaproteobacteria	o__Rhodobacterales	complete	4					0.908410828588184	0.9905068464661707	2	2	1.0	0.021377090174682655	0.047716056608117	0.002294363305186786	0.0038435808244139	-0.1	-0.07500000000000001
GCF_006970865.1	c__Gammaproteobacteria	o__Burkholderiales	near_complete	3	0.194	0.77	0.27399999999999997	5.0	1.479527324485541	1.479527324485541	1	1	1.0	0.02011055875087982	0.0457156802100231	0.00421053455508682	0.0069710071337051	-0.25	-0.1
GCF_007922615.2	c__Alphaproteobacteria	o__Rhizobiales	complete	4	0.1416666666666667	0.8	0.2966666666666667	6.0	0.8263148107101972	0.8263148107101972	1	1	1.0	0.014997360361396135	0.0495288405486765	0.006130907428702467	0.0096893569035316	-0.1	-0.1
GCF_007954405.1	c__Gammaproteobacteria	o__Burkholderiales	complete	4	0.42333333333333334	0.91	0.19833333333333333	6.0	0.9202193135785284	0.9202193135785284	1	1	1.0	0.015519285886698084	0.043243233981577	0.03322741064755078	0.0390736638903842	0.85	0.9
GCF_008000835.1	c__Campylobacteria	o__Campylobacterales	complete	4					1.1784973288215597	1.1784973288215597	1	1	1.0	0.0383472610382177	0.065926242870798	0.007672097771456749	0.010225450961629	-0.1	-0.1
GCF_008274805.1	c__Gammaproteobacteria	o__Burkholderiales	complete	4	0.08833333333333333	0.53	0.075	6.0	0.9202193135785284	0.9202193135785284	1	1	1.0	0.017897512426590715	0.052104385302761	0.014110803472425151	0.019471697549095	0.0	0.0
GCF_008329925.1	c__Gammaproteobacteria	o__Burkholderiales	complete	4					0.9202193135785284	0.9202193135785284	1	1	1.0	0.017931733278585216	0.0443913965714501	0.0040820594594218	0.0070205358449376	-0.3	-0.25
GCF_008630635.1	c__Gammaproteobacteria	o__Pseudomonadales	complete	4	0.11	0.66	0.0	6.0	1.1784973288215597	1.1784973288215597	1	1	1.0	0.020604305165069565	0.0573449849909201	0.01737252521567467	0.0220014877929844	-0.25	-0.15
GCF_008728195.1	c__Alphaproteobacteria	o__Rhodobacterales	complete	4	0.6066666666666667	0.92	0.5116666666666666	6.0	0.8263148107101972	0.8263148107101972	1	1	1.0	0.025731899075732752	0.0586772191575478	0.0057357518866131335	0.0117504417048955	-0.55	-0.2
GCF_008801925.2	c__Gammaproteobacteria	o__Burkholderiales	complete	4	0.05600000000000001	0.28	0.0	5.0	0.9553630800223496	0.9905068464661707	2	2	1.0	0.024939357683885086	0.0495618466424057	0.021995682156798143	0.0242810227468922	-0.125	-0.125
GCF_008824185.1	c__Alphaproteobacteria	o__Rhodobacterales	complete	4	0.49399999999999994	0.92	0.992	5.0	0.908410828588184	0.9905068464661707	2	2	1.0	0.03403037710102815	0.0760378275489587	0.0092569066254569	0.0140831945709847	0.49999999999999994	0.25
GCF_008932115.1	c__Alphaproteobacteria	o__Rhizobiales	complete	4	0.415	0.83	0.28	2.0	1.127736850790264	1.5375192714632278	4	4	1.0	0.025227392407529144	0.0872804695342002	0.00801094942105135	0.0453639638930557	-0.16249999999999998	-0.025000000000000022
GCF_009068765.1	c__Campylobacteria	o__Campylobacterales	near_complete	3	0.0	0.0	0.0	3.0	0.9914606426158289	1.0963105726342095	2	2	1.0	0.033806551952949	0.0714032607969058	0.004180785579599343	0.0061495121715246	-0.725	-0.35
GCF_009497875.2	c__Gammaproteobacteria	o__Chromatiales	near_complete	3	0.71	0.95	0.22200000000000003	5.0	1.7470839253342154	1.9566485792052033	2	2	1.0	0.01693718844484526	0.0555584004821374	0.004418518395869585	0.017848519437372	-0.15000000000000002	-0.15000000000000002
GCF_009650135.1	c__Gammaproteobacteria	o__Pseudomonadales	complete	4	0.26333333333333336	0.81	0.17	6.0	1.1784973288215597	1.1784973288215597	1	1	1.0	0.028978784315374827	0.0635756615811822	0.020940994924528448	0.0292627378119267	0.0	0.0
GCF_009662475.1	c__Gammaproteobacteria	o__Acidithiobacillales	near_complete	3					1.6346140120374664	2.3826173114774845	2	2	1.0	0.04109696168217686	0.0758240774369117	0.018212890602997002	0.0429036716624287	-0.825	-0.375
GCF_009746125.1	c__Gammaproteobacteria	o__Burkholderiales	complete	4	0.22333333333333336	0.54	0.17999999999999997	3.0	1.008264943106369	1.0963105726342095	2	2	1.0	0.017722979420168167	0.0554857620383401	0.007879143424095313	0.0120566028275486	-0.25	-0.125
GCF_009762325.1	c__Alphaproteobacteria	o__Rhodobacterales	complete	4	0.24	0.88	0.22333333333333336	6.0	0.8263148107101972	0.8263148107101972	1	1	1.0	0.021025286415929434	0.0703797634469567	0.012322336123540117	0.0150704998580373	-0.3	-0.15
GCF_009789575.1	c__Alphaproteobacteria	o__Rhizobiales	complete	4	0.21999999999999997	0.85	0.11166666666666665	6.0	0.8263148107101972	0.8263148107101972	1	1	1.0	0.031378269596417485	0.0889338390584211	0.018899032462523033	0.0214891373921409	-0.05	-0.05
GCF_009910365.1	c__Gammaproteobacteria	o__Pseudomonadales	complete	4	0.11666666666666665	0.69	0.028333333333333335	6.0	1.1784973288215597	1.1784973288215597	1	1	1.0	0.01673069185161478	0.0311646323383883	0.004746313744226383	0.0057810897675755	-0.25	-0.2
GCF_009937995.1	c__Gammaproteobacteria	o__Burkholderiales	near_complete	3	0.0	0.0	0.0	5.0	0.8866107125974483	0.8866107125974483	1	1	1.0	0.0251409984023881	0.0431879674136054	0.008698844519379939	0.0098824096652405	-0.75	-0.25
GCF_009938015.1	c__Gammaproteobacteria	o__Burkholderiales	complete	4	0.135	0.81	0.27	6.0	0.9385587795318096	0.9905068464661707	2	2	1.0	0.02928609308455365	0.0793035739507336	0.0068945998933325064	0.0342013351177614	0.0	0.3
GCF_010378095.2	c__Gammaproteobacteria	o__Acidithiobacillales	minimal	2	0.0	0.0	0.0	3.0	2.1607685618611283	2.1607685618611283	1	1	1.0	0.07636191254708018	0.107827345928407	0.0536373958112335	0.0567522212291246	1.65	0.8
GCF_010983895.1	c__Gammaproteobacteria	o__Burkholderiales	complete	4	0.0	0.0	0.0	6.0	0.9202193135785284	0.9202193135785284	1	1	1.0	0.02493430662109439	0.0495161942281408	0.0118127899276234	0.0138457543169348	-0.15	-0.1
GCF_011006175.1	c__Aquificia	o__Aquificales	near_complete	3	0.002	0.01	0.0	5.0	1.479527324485541	1.479527324485541	1	1	1.0	0.02122847072735374	0.0326393179016119	0.0020705394685258402	0.0036107785032818	-0.05	-0.05
GCF_011068405.5	c__Alphaproteobacteria	o__Rhizobiales	complete	4					0.9909837445409998	1.0963105726342095	3	4	1.0	0.02244363880928475	0.0530065780315036	0.01422166881276334	0.0231303980633781	-1.1625	-0.475
GCF_011290485.1	c__Gammaproteobacteria	o__Chromatiales	near_complete	3	0.296	0.86	0.1	5.0	1.5889489442238562	2.081587315813503	2	2	0.8333333333333334	0.026719062835345864	0.0718437139672846	0.01033086624523428	0.0153750572138714	-0.25	-0.025000000000000022
GCF_011388215.1	c__Gammaproteobacteria	o__Burkholderiales	complete	4	0.006666666666666667	0.04	0.125	6.0	0.9202193135785284	0.9202193135785284	1	1	1.0	0.0201952581388073	0.034923082596584	0.0057667967116432324	0.0079866531462159	-0.35	-0.2
GCF_011516645.4	c__Alphaproteobacteria	o__Rhizobiales	complete	4	0.0	0.0	0.0	3.0	0.9911427105659428	1.0963105726342095	3	3	1.0	0.018428479328187256	0.0401001426308447	0.0188329321378345	0.0213282554807739	-0.9	-0.3666666666666667
GCF_011604665.2	c__Alphaproteobacteria	o__Rhizobiales	complete	4					0.9499357356020064	1.0963105726342095	4	4	1.0	0.01661410568063275	0.0512200564771849	0.004562050417066853	0.0091504605869694	-0.08750000000000001	-0.08750000000000001
GCF_011764585.1	c__Gammaproteobacteria	o__Burkholderiales	near_complete	3	0.0	0.0	0.0	1.0	1.5721446437333164	2.2576785748691846	2	2	1.0	0.02660069695889279	0.0496331478363841	0.003831641605308789	0.0092863234334278	-0.05	-0.05
GCF_012295595.1	c__Alphaproteobacteria	o__Rhodobacterales	complete	4					0.8263148107101972	0.8263148107101972	1	1	1.0	0.0274547910844446	0.0792940428732793	0.009735021593613767	0.0137447781935798	-0.65	-0.3
GCF_012689545.1	c__Alphaproteobacteria	o__Rhodobacterales	complete	4					0.8263148107101972	0.8263148107101972	1	1	1.0	0.042426239928268654	0.0968490443157967	0.00757259126223005	0.0123926066786727	-0.65	-0.2
GCF_012932215.1	c__Alphaproteobacteria	o__Rhodobacterales	complete	4	0.7400000000000001	0.96	0.36833333333333335	6.0	0.8263148107101972	0.8263148107101972	1	1	1.0	0.04250909536532685	0.0872366525261533	0.018490413684477316	0.0196573190652158	0.0	0.0
GCF_013003965.1	c__Gammaproteobacteria	o__Burkholderiales	complete	4	0.0	0.0	0.0	2.0	1.6205150651963927	2.081587315813503	3	3	1.0	0.01598591762655119	0.0459683592291706	0.006366760238267182	0.0196935739729471	-0.016666666666666666	-0.016666666666666666
GCF_013003985.1	c__Gammaproteobacteria	o__Burkholderiales	complete	4	0.0	0.0	0.0	2.0	1.6205150651963927	2.081587315813503	3	3	1.0	0.0189150888240236	0.0377662275083164	0.009265026126526354	0.0135423838182201	-0.016666666666666666	-0.016666666666666666
GCF_013004065.1	c__Gammaproteobacteria	o__Burkholderiales	complete	4	0.0	0.0	0.0	6.0	0.9202193135785284	0.9202193135785284	1	1	1.0	0.016357939006946817	0.0415913760128981	0.0047053018953128	0.0054729485977715	0.0	0.0
GCF_013177635.1	c__Campylobacteria	o__Campylobacterales	complete	4	0.0016666666666666668	0.01	0.0	6.0	1.1784973288215597	1.1784973288215597	1	1	1.0	0.04639699333161442	0.066866982617915	0.005821550008311867	0.0121677594202258	-0.2	-0.1
GCF_013177675.1	c__Campylobacteria	o__Campylobacterales	complete	4	0.06833333333333333	0.41	0.19333333333333333	6.0	1.1784973288215597	1.1784973288215597	1	1	1.0	0.040164901209221116	0.0681364133744855	0.0099852855841912	0.0121220253459611	-1.2	-0.65
GCF_013201625.1	c__Campylobacteria	o__Campylobacterales	complete	4	0.0	0.0	0.16666666666666666	6.0	1.1784973288215597	1.1784973288215597	1	1	1.0	0.04541334028397406	0.0641198823681623	0.0018382278180866334	0.0039023256288275	-0.35	-0.25
GCF_013201665.1	c__Campylobacteria	o__Campylobacterales	complete	4	0.088	0.43	0.22599999999999998	5.0	1.8686029496773626	2.558708570533166	2	2	1.0	0.04000370577350827	0.062768121117096	0.013742568550851745	0.019359009051947	-0.05	-0.05
GCF_013201705.1	c__Campylobacteria	o__Campylobacterales	complete	4	0.0033333333333333335	0.02	0.16666666666666666	6.0	1.1784973288215597	1.1784973288215597	1	1	1.0	0.04480937491094	0.0664922548940163	0.0089722196484279	0.0128923342417499	0.0	0.0
GCF_013201725.1	c__Campylobacteria	o__Campylobacterales	complete	4	0.0033333333333333335	0.02	0.3333333333333333	6.0	1.1784973288215597	1.1784973288215597	1	1	1.0	0.05035044804940506	0.0709110841818292	0.008926274900982883	0.0150596834700362	-0.25	-0.2
GCF_013201825.1	c__Campylobacteria	o__Campylobacterales	complete	4	0.013333333333333334	0.08	0.305	6.0	1.1784973288215597	1.1784973288215597	1	1	1.0	0.033440831521576335	0.0584535164825669	0.0015696390710213499	0.0025804529580408	-0.05	-0.05
GCF_013201935.1	c__Campylobacteria	o__Campylobacterales	complete	4	0.0	0.0	0.0	6.0	1.1784973288215597	1.1784973288215597	1	1	1.0	0.04589208032831448	0.0715433814194085	0.008681494904030683	0.0126423646855964	-0.55	-0.3
GCF_013283835.1	c__Campylobacteria	o__Campylobacterales	complete	4	0.08666666666666667	0.26	0.06666666666666667	6.0	1.1784973288215597	1.1784973288215597	1	1	1.0	0.040571502536031805	0.0710163768358525	0.014684954243770684	0.0165366042112077	0.0	0.0
GCF_013307225.1	c__Gammaproteobacteria	o__Burkholderiales	complete	4	0.84	0.86	0.08333333333333333	3.0	1.008264943106369	1.0963105726342095	2	2	1.0	0.01163365506532009	0.0334152422207738	0.0021026837169862444	0.0053934722587203	-0.225	-0.125
GCF_013307245.1	c__Gammaproteobacteria	o__Burkholderiales	complete	4	0.04	0.24	0.25	6.0	0.9202193135785284	0.9202193135785284	1	1	1.0	0.015411478021984835	0.034515568193827	0.011245643151942783	0.0156481831338657	-0.25	-0.15
GCF_013343005.1	c__Gammaproteobacteria	o__GCF-013343005	near_complete	3	0.4366666666666667	0.58	0.21333333333333335	3.0	0.9914606426158289	1.0963105726342095	2	2	1.0	0.017137928962223756	0.0343486165759822	0.0194388353682133	0.022719026939411	-0.125	-0.075
GCF_013347325.1	c__Gammaproteobacteria	o__Burkholderiales	complete	4					0.9202193135785284	0.9202193135785284	1	1	1.0	0.01644532963044815	0.0366982814176917	0.010047385944951333	0.0268344189504777	-0.15	-0.15
GCF_013358405.1	c__Alphaproteobacteria	o__Rhizobiales	complete	4	0.4383333333333333	0.92	1.1433333333333333	6.0	0.8263148107101972	0.8263148107101972	1	1	1.0	0.018562045607418233	0.0604977902429627	0.003990167235482167	0.0102159867869678	-0.2	-0.2
GCF_013372265.1	c__Campylobacteria	o__Campylobacterales	complete	4	0.0033333333333333335	0.02	0.16666666666666666	6.0	1.1784973288215597	1.1784973288215597	1	1	1.0	0.04378911722143456	0.0602707308577606	0.008594629051588134	0.0136539257757901	-0.7	-0.35
GCF_013752735.1	c__Alphaproteobacteria	o__Rhizobiales	complete	4					0.9909837445409998	1.0963105726342095	3	4	1.0	0.01431460833059102	0.0467338185576629	0.01492599395437812	0.0215928353530533	-0.1875	-0.075
GCF_014126615.1	c__Alphaproteobacteria	o__Rhizobiales	near_complete	3	0.914	0.96	0.124	5.0	0.8866107125974483	0.8866107125974483	1	1	1.0	0.0280665536022582	0.0612979586862212	0.00311605328388526	0.0046752498863539	-0.35	-0.2
GCF_014337925.2	c__Alphaproteobacteria	o__Rhodobacterales	complete	4	0.025000000000000005	0.1	0.6433333333333334	6.0	0.8263148107101972	0.8263148107101972	1	1	1.0	0.026555588650829565	0.055161920248332	0.0067022965088343505	0.0081957218400605	-0.85	-0.4
GCF_014395975.1	c__Gammaproteobacteria	o__Burkholderiales	complete	4	0.006666666666666667	0.02	0.07833333333333332	6.0	0.9202193135785284	0.9202193135785284	1	1	1.0	0.006130573916998033	0.0140838169885911	0.004474870568572083	0.0068800116606952	-0.1	-0.05
GCF_014489595.1	c__Gammaproteobacteria	o__Burkholderiales	complete	4	0.04833333333333334	0.26	0.011666666666666667	6.0	0.9202193135785284	0.9202193135785284	1	1	1.0	0.009853769979859	0.0222194138481887	0.015527666008013067	0.0261961747921627	-0.05	-0.05
GCF_014495845.1	c__Alphaproteobacteria	o__Rhizobiales	complete	4	0.135	0.67	0.62	6.0	0.8263148107101972	0.8263148107101972	1	1	1.0	0.01932766668093323	0.0789848464536557	0.00617746979198915	0.0072992774274531	-0.5	-0.35
GCF_014905095.1	c__Campylobacteria	o__Campylobacterales	complete	4	0.0675	0.24	0.2725	4.0	1.1805432852549413	1.5587085705331658	3	3	1.0	0.020726973748547012	0.0470253322152607	0.003934131315330431	0.0084546947552558	-0.08333333333333333	-0.08333333333333333
GCF_014905115.1	c__Campylobacteria	o__Campylobacterales	complete	4	0.0175	0.07	0.0	4.0	1.222659641565307	1.5587085705331658	2	2	1.0	0.030465603774872688	0.0579720956403905	0.0055286429845859625	0.0073581521336333	-0.925	-0.55
GCF_014905135.1	c__Campylobacteria	o__Campylobacterales	complete	4	0.0625	0.25	0.1	4.0	1.222659641565307	1.5587085705331658	2	2	1.0	0.02756005572390334	0.045903413120046	0.00345236329005445	0.0074433183456638	-0.075	-0.075
GCF_014931715.1	c__Campylobacteria	o__Campylobacterales	complete	4	0.2375	0.94	0.0	4.0	1.222659641565307	1.5587085705331658	2	2	1.0	0.029389752358948737	0.0799729250989608	0.018614844774586175	0.0258541266810038	-0.15000000000000002	-0.125
GCF_015265455.1	c__Campylobacteria	o__Campylobacterales	complete	4	0.0	0.0	0.0	4.0	1.222659641565307	1.5587085705331658	2	2	1.0	0.028570929328363186	0.0552798507323645	0.024277575158267787	0.0463961241806617	-0.8500000000000001	-0.3
GCF_015265475.1	c__Campylobacteria	o__Campylobacterales	complete	4	0.0	0.0	0.0	4.0	1.222659641565307	1.5587085705331658	2	2	1.0	0.025897441929346652	0.0407326438797569	0.022876006164103527	0.0460742041279384	-0.275	-0.25
GCF_015291705.1	c__Alphaproteobacteria	o__Rhizobiales	complete	4	0.43	0.83	0.32	2.0	0.9908247785160568	1.0963105726342095	3	6	1.0	0.016646804066821543	0.0336726882724424	0.01446029466936505	0.0238912278168615	0.39999999999999997	0.19166666666666665
GCF_015624505.1	c__Alphaproteobacteria	o__Rhizobiales	complete	4	0.31333333333333335	0.67	0.22999999999999998	3.0	0.9911427105659429	1.0963105726342095	3	3	1.0	0.016770643567321844	0.0354160645124854	0.005089228960534878	0.0134374869510529	0.2833333333333333	0.2833333333333333
GCF_015689335.1	c__Gammaproteobacteria	o__Burkholderiales	complete	4	0.0	0.0	0.0	6.0	0.9202193135785284	0.9202193135785284	1	1	1.0	0.011240420431310115	0.0240414711416442	0.013952416791247682	0.0197658947656024	-0.1	-0.1
GCF_016250455.1	c__Gammaproteobacteria	o__Acidithiobacillales	minimal	2					2.1607685618611283	2.1607685618611283	1	1	1.0	0.0588276382557292	0.0695011407055474	0.018383274968248	0.0191461770085105	-0.75	-0.25
GCF_016584445.1	c__Alphaproteobacteria	o__Rhizobiales	complete	4					1.4780245694156782	1.8597385661971468	2	2	0.8333333333333333	0.019874527514896486	0.0503392068845904	0.003785155487158621	0.0135359241920008	-0.15000000000000002	-0.1
GCF_016599875.1	c__Gammaproteobacteria	o__Burkholderiales	complete	4					1.008264943106369	1.0963105726342095	2	2	1.0	0.02271486937556455	0.0528913635329738	0.012348944728674413	0.0143838912112282	-0.175	-0.125
GCF_016653635.2	c__Alphaproteobacteria	o__Azospirillales	complete	4	0.6679999999999999	0.9	0.256	5.0	1.676994573751697	2.2576785748691846	2	2	1.0	0.03334029041044141	0.0569033407016944	0.011796075006576428	0.0131173685751587	-0.2	-0.1
GCF_016765655.2	c__Alphaproteobacteria	o__Azospirillales	complete	4					1.3934346527378638	2.2576785748691846	3	3	1.0	0.023313600770002402	0.0575102266471163	0.0087150916879916	0.015210016692741	-1.05	-0.3833333333333333
GCF_016801755.1	c__Alphaproteobacteria	o__Rhodobacterales	complete	4					0.8263148107101972	0.8263148107101972	1	1	1.0	0.02691441435359235	0.0725415195297298	0.0021942064387699997	0.0030051484898819	0.0	0.0
GCF_016806125.1	c__Alphaproteobacteria	o__Rhodobacterales	complete	4	0.48	0.89	0.19333333333333333	6.0	0.8263148107101972	0.8263148107101972	1	1	1.0	0.024798109950430816	0.0622828968440418	0.0012368081229348334	0.0028398455586728	-0.15	-0.15
GCF_016806835.2	c__Alphaproteobacteria	o__Azospirillales	complete	4	0.86	0.9	0.29333333333333333	3.0	0.9613126916722033	1.0963105726342095	2	2	1.0	0.026958789239150856	0.0731945840974195	0.004998893263046266	0.0101736476682231	-0.225	-0.15000000000000002
GCF_016807805.1	c__Alphaproteobacteria	o__Rhizobiales	complete	4	0.028000000000000004	0.11	0.188	5.0	2.058708570533166	2.2576785748691846	2	2	0.8333333333333333	0.02810513219162866	0.0764405606090814	0.004473320293732971	0.0077401545603204	-0.2	-0.1
GCF_016894385.1	c__Gammaproteobacteria	o__Burkholderiales	complete	4	0.043333333333333335	0.26	0.05833333333333334	6.0	0.9202193135785284	0.9202193135785284	1	1	1.0	0.023109413624503833	0.0373891759807962	0.012972711954128165	0.0165760237257132	-0.15	-0.15
GCF_017301335.1	c__Gammaproteobacteria	o__Pseudomonadales	complete	4	0.0	0.0	0.0	6.0	1.1784973288215597	1.1784973288215597	1	1	1.0	0.017646811467612215	0.0377760986432419	0.0028500648188978	0.0040630540779565	0.0	0.0
GCF_017309585.1	c__Gammaproteobacteria	o__Burkholderiales	complete	4	0.0	0.0	0.0	6.0	0.9202193135785284	0.9202193135785284	1	1	1.0	0.0204830509360147	0.0562230498491121	0.017401569523696665	0.0219549938679087	-0.05	-0.05
GCF_017357825.1	c__Campylobacteria	o__Campylobacterales	complete	4	0.1375	0.29	0.007500000000000001	4.0	1.1805432852549413	1.5587085705331658	3	3	1.0	0.02864427772046841	0.0553230171701727	0.0075676800978890695	0.0104727751534752	-0.11666666666666665	-0.09999999999999999
GCF_017493175.3	c__Alphaproteobacteria	o__Rhizobiales	complete	4					1.3318963017210346	2.859738566197147	5	5	1.0	0.02244579877515913	0.0841246562625871	0.01643305767681652	0.031154595861944	-0.29	-0.13
GCF_017498525.1	c__Gammaproteobacteria	o__Burkholderiales	complete	4	0.3233333333333333	0.93	0.03666666666666667	6.0	0.9202193135785284	0.9202193135785284	1	1	1.0	0.009506974264700516	0.0229655775712088	0.007184224865017334	0.0101890187428028	0.4499999999999999	0.65
GCF_017901135.1	c__Gammaproteobacteria	o__Thiotrichales	near_complete	3	0.0	0.0	0.0	1.0	2.085665467952507	2.859738566197147	3	3	1.0	0.014231677209954623	0.040625847655881	0.0069887427561849775	0.0183926351459093	-0.3333333333333333	-0.2833333333333333
GCF_017901155.1	c__Gammaproteobacteria	o__Thiotrichales	near_complete	3	0.0	0.0	0.0	1.0	2.1211779388373158	2.3826173114774845	2	2	1.0	0.013002192400391722	0.0198982620423282	0.0031702588469166553	0.0058522306104575	-0.6000000000000001	-0.25
GCF_017901175.1	c__Gammaproteobacteria	o__Thiotrichales	near_complete	3	0.0	0.0	1.0	1.0	2.1211779388373158	2.3826173114774845	2	2	1.0	0.020465746089980832	0.0284722487681159	0.003065744661805156	0.0068260301612904	0.5	0.75
GCF_018243235.1	c__Gammaproteobacteria	o__Burkholderiales	near_complete	3	0.0	0.0	0.0	5.0	1.479527324485541	1.479527324485541	1	1	1.0	0.031923953456707746	0.0433997048136793	0.00901100883061166	0.0169090821021333	0.65	0.75
GCF_018279705.1	c__Alphaproteobacteria	o__Rhizobiales	complete	4	0.6833333333333332	0.92	0.23666666666666666	3.0	1.4780245694156782	1.8597385661971468	2	2	0.8333333333333334	0.020111067646848745	0.049497947257129	0.0046314825254608425	0.0140460021756413	-0.07500000000000001	-0.07500000000000001
GCF_018282095.1	c__Alphaproteobacteria	o__Rhizobiales	complete	4	0.25333333333333335	0.63	1.3183333333333334	6.0	0.8263148107101972	0.8263148107101972	1	1	1.0	0.035682069097579434	0.0546978002694932	0.023925179435638235	0.0261581177371647	0.0	0.0
GCF_018685455.1	c__Gammaproteobacteria	o__Burkholderiales	near_complete	3					1.2879189485598752	1.479527324485541	2	2	1.0	0.0144717448750591	0.024080364342835	0.007358858376639726	0.0094658240346084	0.375	0.39999999999999997
GCF_018687595.1	c__Gammaproteobacteria	o__Burkholderiales	complete	4	0.3233333333333333	0.5	0.45333333333333337	3.0	1.008264943106369	1.0963105726342095	2	2	1.0	0.017926256997278678	0.0687236043544041	0.021832139432957733	0.0311465991712375	-0.125	-0.125
GCF_018687955.1	c__Gammaproteobacteria	o__Burkholderiales	complete	4	0.5366666666666666	0.93	0.52	3.0	1.008264943106369	1.0963105726342095	2	2	1.0	0.01538842792536889	0.0363399703195624	0.005707418490274788	0.008890433095652	0.0	0.0
GCF_018688255.1	c__Gammaproteobacteria	o__Burkholderiales	complete	4	0.0	0.0	0.0	3.0	1.008264943106369	1.0963105726342095	2	2	1.0	0.02131812696126809	0.0496283703015952	0.00841826237512339	0.0104497858226487	-0.19999999999999998	-0.125
GCF_018736085.1	c__Alphaproteobacteria	o__Rhizobiales	complete	4	0.132	0.52	0.124	5.0	1.3580083001423937	1.5375192714632278	2	2	1.0	0.01591817350131643	0.0268707516156657	0.007622518841180486	0.0132881828947332	-0.5	-0.275
GCF_018853465.2	c__Gammaproteobacteria	o__Acidithiobacillales	near_complete	3					1.6346140120374664	2.3826173114774845	2	2	1.0	0.03672554019167936	0.0819257659188469	0.012776248489356328	0.0332456544251594	-0.625	0.0
GCF_019203965.1	c__Alphaproteobacteria	o__Acetobacterales	complete	4	0.16333333333333333	0.49	0.7166666666666668	3.0	1.9780245694156782	2.859738566197147	2	2	1.0	0.0290299231116653	0.0464824122896549	0.008966294398602815	0.0131520376031409	-0.04999999999999999	0.32499999999999996
GCF_019602855.1	c__Gammaproteobacteria	o__Burkholderiales	complete	4					0.9202193135785284	0.9202193135785284	1	1	1.0	0.016059913797594232	0.0371043829742587	0.018611200873703333	0.0205331648543802	-0.1	-0.1
GCF_019931045.1	c__Gammaproteobacteria	o__Burkholderiales	near_complete	3					1.479527324485541	1.479527324485541	1	1	1.0	0.01982729686780256	0.0349597913075445	0.0073397888701406	0.0093278855573712	-0.45	-0.25
GCF_019973615.1	c__Gammaproteobacteria	o__Burkholderiales	complete	4	0.008333333333333333	0.05	0.17666666666666667	6.0	0.9202193135785284	0.9202193135785284	1	1	1.0	0.010409228909114816	0.0196731822267683	0.020693482333265786	0.0229365027647817	-0.1	-0.1
GCF_020080045.1	c__Gammaproteobacteria	o__Burkholderiales	complete	4					0.9202193135785284	0.9202193135785284	1	1	1.0	0.011592663583881682	0.022512568886764	0.019683059251089666	0.0232742137508952	-0.35	-0.2
GCF_020162115.1	c__Gammaproteobacteria	o__Burkholderiales	complete	4	0.2025	0.67	0.1975	4.0	2.107163577037194	2.2576785748691846	2	2	1.0	0.031344532076353925	0.055876100277216	0.005548174686761825	0.0139392738305951	-0.525	-0.30000000000000004
GCF_020510525.1	c__Gammaproteobacteria	o__Burkholderiales	complete	4	0.2	0.48	0.14750000000000002	4.0	1.008264943106369	1.0963105726342095	2	2	1.0	0.023303787024846062	0.0520458813490524	0.002651693788254312	0.0043347575435374	-0.30000000000000004	-0.22499999999999998
GCF_020510565.1	c__Gammaproteobacteria	o__Burkholderiales	complete	4	0.1	0.26	0.2	4.0	1.008264943106369	1.0963105726342095	2	2	1.0	0.01718213859927755	0.0506440455297709	0.008168257393424963	0.0100801641217933	-0.15000000000000002	-0.1
GCF_020865585.1	c__Gammaproteobacteria	o__Burkholderiales	complete	4					1.008264943106369	1.0963105726342095	2	2	1.0	0.02332670777913469	0.0492220309238	0.020993704263341788	0.0262391458382255	-0.1	-0.1
GCF_020886175.1	c__Gammaproteobacteria	o__Burkholderiales	complete	4					1.008264943106369	1.0963105726342095	2	2	1.0	0.02112118804072765	0.0503717067306819	0.008848679818031162	0.0117423307169047	-0.25	-0.15000000000000002
GCF_020911965.1			complete	4					1.4350192831092536	1.8597385661971468	3	3	1.0	0.03687951174081735	0.0774213863362764	0.0048628079264389085	0.0088566386360555	-0.18333333333333335	-0.15
GCF_021044585.1	c__Campylobacteria	o__Campylobacterales	complete	4	0.2625	0.34	0.3575	4.0	1.1805432852549413	1.5587085705331658	3	3	1.0	0.0445267461360556	0.0991639384224148	0.026162118215604	0.0508592099188462	-0.03333333333333333	-0.03333333333333333
GCF_021044685.1	c__Alphaproteobacteria	o__Rhizobiales	near_complete	3	0.0	0.0	0.0	2.0	0.9914606426158289	1.0963105726342095	2	2	1.0	0.01814240477130515	0.0410736901876656	0.012308398428396263	0.014344732875112	-0.55	-0.275
GCF_021049305.1	c__Gammaproteobacteria	o__Burkholderiales	complete	4	0.05833333333333334	0.26	0.7566666666666667	6.0	0.9202193135785284	0.9202193135785284	1	1	1.0	0.025874877862022933	0.0576372394950939	0.0024786326312341666	0.0046692409389277	-0.2	-0.2
GCF_021088345.1	c__Alphaproteobacteria	o__Rhizobiales	complete	4					0.9499357356020064	1.0963105726342095	4	4	1.0	0.01553706574519932	0.0495838340114475	0.008807794248678774	0.0256010884103942	0.09999999999999998	0.11249999999999998
GCF_021165955.1	c__Gammaproteobacteria	o__Burkholderiales	complete	4	0.20666666666666667	0.27	0.15666666666666665	3.0	1.008264943106369	1.0963105726342095	2	2	1.0	0.022364045233187857	0.0606524301398594	0.007397010793017966	0.0162840519817502	-0.2	-0.1
GCF_021173085.2			near_complete	3					1.479527324485541	1.479527324485541	1	1	1.0	0.027572461367886818	0.0409158383485819	0.0064578167709211	0.0083729554877617	-0.15	-0.1
GCF_021228795.1	c__Gammaproteobacteria	o__Chromatiales	near_complete	3	0.0	0.0	0.0	1.0	1.4770319119798043	2.081587315813503	3	5	0.9333333333333333	0.027533981451642573	0.0529767038787198	0.007383186048846527	0.0152124182622712	0.54	0.26
GCF_021249385.1	c__Gammaproteobacteria	o__Burkholderiales	complete	4					1.008264943106369	1.0963105726342095	2	2	1.0	0.024360121495040712	0.0638867487058256	0.00778720732827955	0.0173794648288461	-0.7	-0.3
GCF_021391315.1	c__Alphaproteobacteria	o__Rhodobacterales	complete	4					0.8263148107101972	0.8263148107101972	1	1	1.0	0.028088488205062715	0.0744591070356655	0.0018152623692873626	0.0051110382871957	-0.8	-0.3
GCF_021650935.1	c__Gammaproteobacteria	o__Thiotrichales	near_complete	3	0.87	0.87	0.0	1.0	2.066334818959945	2.3826173114774845	3	3	1.0	0.023478186628267762	0.0434301376983926	0.010235745332421347	0.0206426418207407	-0.31666666666666665	-0.2333333333333333
GCF_022533465.1	c__Alphaproteobacteria	o__Rhizobiales	complete	4					0.908410828588184	0.9905068464661707	2	2	1.0	0.04224548056552336	0.1222867042690418	0.02436767412526284	0.028293657756388	0.24999999999999997	0.35
GCF_022788655.1	c__Alphaproteobacteria	o__Rhodobacterales	complete	4	0.7366666666666667	0.97	0.13166666666666668	6.0	0.8263148107101972	0.8263148107101972	1	1	1.0	0.020164920251875298	0.0463594198240985	0.013005282811242067	0.0136571766973524	-0.05	-0.05
GCF_022811525.1	c__Gammaproteobacteria	o__Burkholderiales	complete	4	0.85	0.96	0.24666666666666667	6.0	0.9202193135785284	0.9202193135785284	1	1	1.0	0.019572272198084734	0.0399733754000216	0.004799956439163784	0.0081319025973066	0.0	0.0
GCF_022846375.1	c__Deinococci	o__Deinococcales	complete	4					1.905496056757822	1.905496056757822	1	1	1.0	0.02466699972669044	0.0669596023218925	0.011507871162976462	0.0130778392865399	-0.55	-0.4
GCF_023278185.1	c__Alphaproteobacteria	o__Rhizobiales	complete	4	0.0	0.0	0.0	3.0	0.9911427105659429	1.0963105726342095	3	3	1.0	0.024418531455964433	0.0544970067615681	0.01878286964637069	0.0221154709843495	-0.4666666666666666	-0.21666666666666667
GCF_023733635.1	c__Gammaproteobacteria	o__Chromatiales	near_complete	3					1.4978561367648613	1.8597385661971468	3	3	1.0	0.0357310205671376	0.0544200394558909	0.007551129068524639	0.0110386953879275	-0.09999999999999999	-0.09999999999999999
GCF_023734135.1	c__Gammaproteobacteria	o__Burkholderiales	complete	4	0.13833333333333334	0.83	0.0016666666666666668	6.0	0.9202193135785284	0.9202193135785284	1	1	1.0	0.028215810426549703	0.0441916791695902	0.009233285324547034	0.0127883988545808	-1.4	-0.5
GCF_024206795.1	c__Alphaproteobacteria	o__Rhodobacterales	complete	4					0.908410828588184	0.9905068464661707	2	2	1.0	0.013084498359191786	0.0304117050178788	0.014543292880507142	0.0433039572566157	-0.2	-0.2
GCF_024267655.1	c__Campylobacteria	o__Campylobacterales	complete	4	0.14166666666666666	0.47	0.26	6.0	1.1784973288215597	1.1784973288215597	1	1	1.0	0.0403053503703727	0.0600364572914001	0.008417922145168866	0.0108400140719231	-0.1	-0.1
GCF_024347195.1	c__Gammaproteobacteria	o__Pseudomonadales	near_complete	3	0.0	0.0	0.0	5.0	0.8866107125974483	0.8866107125974483	1	1	1.0	0.025165488178427658	0.0679634771155607	0.0223135713031269	0.0244366426751703	0.0	0.0
GCF_024347215.1	c__Gammaproteobacteria	o__Pseudomonadales	complete	4	0.145	0.87	0.08	6.0	0.9385587795318096	0.9905068464661707	2	2	1.0	0.014484767341035766	0.0329947429337248	0.020142905754624865	0.0321227370357622	0.44999999999999996	0.44999999999999996
GCF_024347275.1	c__Gammaproteobacteria	o__Pseudomonadales	complete	4					1.1784973288215597	1.1784973288215597	1	1	1.0	0.011198507485092902	0.0375029264578742	0.0124134585766864	0.0131934106354433	-0.05	-0.05
GCF_024662015.1	c__Alphaproteobacteria	o__Thalassobaculales	complete	4	0.7600000000000001	0.95	0.2933333333333334	6.0	0.8263148107101972	0.8263148107101972	1	1	1.0	0.02364913234469515	0.0693204817608711	0.0019123459295602334	0.0036529843771996	-0.05	-0.05
GCF_024704525.1	c__Gammaproteobacteria	o__Burkholderiales	complete	4					0.9202193135785284	0.9202193135785284	1	1	1.0	0.01391748061330137	0.0244418120616465	0.0021600036699212497	0.0084607642979648	-0.15	-0.1
GCF_024925465.1	c__Gammaproteobacteria	o__Burkholderiales	near_complete	3	0.0	0.0	0.0	5.0	1.479527324485541	1.479527324485541	1	1	1.0	0.0316832071168025	0.0453175920329412	0.00610612570640928	0.016158674140204	0.7	0.4499999999999999
GCF_025137635.1	c__Alphaproteobacteria	o__Rhodobacterales	complete	4					0.8263148107101972	0.8263148107101972	1	1	1.0	0.03158382160125373	0.065503746613948	0.008970443808714266	0.0118127207688066	0.0	0.0
GCF_025139665.1	c__Alphaproteobacteria	o__Rhodobacterales	complete	4					0.908410828588184	0.9905068464661707	2	2	1.0	0.023932234238471527	0.0580224772671695	0.0050337700976339425	0.0153696609748172	-0.1	-0.07500000000000001
GCF_025200885.1	c__Alphaproteobacteria	o__Rhizobiales	complete	4					0.9909837445409998	1.0963105726342095	3	4	1.0	0.02010057906959303	0.035040965019278	0.01620103055525727	0.0197572059381866	-0.0875	-0.075
GCF_025200905.1	c__Alphaproteobacteria	o__Rhizobiales	near_complete	3					0.9914606426158289	1.0963105726342095	2	2	1.0	0.020185881749846965	0.0352720899756101	0.014643754408030663	0.01894231606272	-0.4	-0.2
GCF_025639885.1	c__Alphaproteobacteria	o__Rhodobacterales	complete	4	0.22166666666666668	0.87	0.39166666666666666	6.0	0.8263148107101972	0.8263148107101972	1	1	1.0	0.026851850077595482	0.069939525092364	0.012401004598106316	0.0152335878692867	-0.1	-0.1
GCF_025857195.1	c__Alphaproteobacteria	o__Rhodobacterales	complete	4	0.0	0.0	0.16666666666666666	6.0	0.8263148107101972	0.8263148107101972	1	1	1.0	0.028462180071490317	0.0608987260940792	0.0008516822685402833	0.0025109749458916	-0.35	-0.1
GCF_025916135.1			complete	4					0.8263148107101972	0.8263148107101972	1	1	1.0	0.020449681320435818	0.053507676958968	0.008156217833917767	0.0106331319970313	-0.1	-0.1
GCF_026013905.1	c__Gammaproteobacteria	o__Burkholderiales	complete	4	0.13333333333333333	0.8	0.165	6.0	2.408193572701175	2.859738566197147	2	2	1.0	0.0201857739764519	0.0289053079239267	0.0158360533958978	0.0235976319698084	-0.05	-0.025
GCF_026191725.2	c__Alphaproteobacteria	o__Rhizobiales	complete	4	0.895	0.94	0.4116666666666666	6.0	0.8263148107101972	0.8263148107101972	1	1	1.0	0.014524957574278533	0.0550251858376921	0.0056529967265903	0.0094411695768092	0.0	0.0
GCF_026210475.1	c__Gammaproteobacteria	o__Burkholderiales	complete	4					0.9202193135785284	0.9202193135785284	1	1	1.0	0.016390702657407285	0.0427186490310045	0.0027638834362130166	0.0048260074616596	-0.15	-0.1
GCF_026409565.1	c__Alphaproteobacteria	o__Sneathiellales	complete	4	0.32166666666666666	0.87	0.056666666666666664	6.0	0.8263148107101972	0.8263148107101972	1	1	1.0	0.02228658948461418	0.0418385725285518	0.0010571450146713204	0.0033064356848882	-0.25	-0.1
GCF_026427635.1	c__Deinococci	o__Deinococcales	complete	4					1.905496056757822	1.905496056757822	1	1	1.0	0.020428838530564725	0.0601208232255893	0.006363458782343125	0.0112632874217494	-0.1	-0.1
GCF_026898155.1	c__Alphaproteobacteria	o__Rhizobiales	complete	4	0.492	0.87	0.634	5.0	1.5419966927896909	2.2576785748691846	2	2	1.0	0.025632756389890116	0.0827101870574315	0.002727146559129572	0.0061608687577427	-0.375	-0.25
GCF_027594865.1	c__Alphaproteobacteria	o__Rhizobiales	complete	4	0.5966666666666667	0.94	0.016666666666666666	3.0	0.9911427105659428	1.0963105726342095	3	3	1.0	0.021479624250471157	0.0469341140007437	0.008749352528457778	0.0140340492568641	-0.03333333333333333	-0.016666666666666666
GCF_027923555.1	c__Vulcanimicrobiia	o__Vulcanimicrobiales	complete	4	0.6183333333333333	0.9	0.39166666666666666	6.0	0.8263148107101972	0.8263148107101972	1	1	1.0	0.043641064119882	0.1169287879655934	0.04099094637291514	0.047076683301202	-1.4500000000000002	0.3
GCF_027924165.1	c__Gammaproteobacteria	o__Burkholderiales	complete	4					1.008264943106369	1.0963105726342095	2	2	1.0	0.01664300809795681	0.0250853616440613	0.0032871969343459665	0.0074666537328918	-0.025	-0.025
GCF_027943725.1	c__Campylobacteria	o__Campylobacterales	near_complete	3	0.082	0.26	0.042	5.0	0.8866107125974483	0.8866107125974483	1	1	1.0	0.0300260876364807	0.0541619229573794	0.03805675386394694	0.0476688750705897	-0.1	-0.1
GCF_027946175.1	c__Campylobacteria	o__Campylobacterales	near_complete	3	0.0	0.0	0.3333333333333333	3.0	0.9914606426158289	1.0963105726342095	2	2	1.0	0.02298593645178693	0.0443028065051326	0.018110552839997487	0.0319265570093738	-0.275	-0.25
GCF_028215975.1	c__Gammaproteobacteria	o__Acidithiobacillales	minimal	2					2.1607685618611283	2.1607685618611283	1	1	1.0	0.0702345873603085	0.0867093955017833	0.02361968867291317	0.0240717230953058	-0.1	-0.1
GCF_028553745.1	c__Alphaproteobacteria	o__Rhodobacterales	near_complete	3	0.0	0.0	0.2	5.0	0.8866107125974483	0.8866107125974483	1	1	1.0	0.02441765183678802	0.0547381594064132	0.00541890752757554	0.0059384578426601	-0.25	-0.15
GCF_028553805.1	c__Alphaproteobacteria	o__Rhodobacterales	complete	4	0.14833333333333334	0.89	0.0	6.0	0.8263148107101972	0.8263148107101972	1	1	1.0	0.021345471895355333	0.0684759506153818	0.009025064394535284	0.0116563367069211	-0.2	-0.15
GCF_028885395.1	c__Alphaproteobacteria	o__Rhodobacterales	complete	4					0.8263148107101972	0.8263148107101972	1	1	1.0	0.021204329038911132	0.0503412181557134	0.008826526815577085	0.0095760632016538	-0.45	-0.25
GCF_029030725.1	c__Alphaproteobacteria	o__Rhizobiales	complete	4	0.0025	0.01	0.0	4.0	2.7092235683651564	2.859738566197147	2	2	0.9285714285714286	0.02429717905374759	0.05843619611974	0.010479638890463366	0.0151127743745452	-0.075	-0.075
GCF_029318635.1	c__Alphaproteobacteria	o__Rhodospirillales	near_complete	3	0.40599999999999997	0.95	0.316	5.0	0.8866107125974483	0.8866107125974483	1	1	1.0	0.06124555952781652	0.1231134893116289	0.06212687164558158	0.062963324623558	0.0	0.0
GCF_029714345.1	c__Alphaproteobacteria	o__Rhizobiales	complete	4					0.9911427105659428	1.0963105726342095	3	3	1.0	0.021754901326535344	0.0427112758331128	0.01992392197998169	0.0244705019371223	0.16666666666666666	0.16666666666666666
GCF_029714545.1	c__Alphaproteobacteria	o__Rhizobiales	complete	4					0.9911427105659428	1.0963105726342095	3	3	1.0	0.02125996578065811	0.0431849902354489	0.019976381902797078	0.0266773381274481	-0.18333333333333335	-0.09999999999999999
GCF_029853695.1	c__Alphaproteobacteria	o__Rhodobacterales	complete	4	0.17499999999999996	0.85	0.20166666666666666	6.0	0.8263148107101972	0.8263148107101972	1	1	1.0	0.034850387040283114	0.0906632071655748	0.0034539608882181	0.0046857568814839	0.0	0.0
GCF_029854435.1	c__Alphaproteobacteria	o__Rhizobiales	complete	4					0.8263148107101972	0.8263148107101972	1	1	1.0	0.023654303678397482	0.0733512632479634	0.012484215031567299	0.0199978722488409	0.0	0.0
GCF_029909795.1	c__Alphaproteobacteria	o__Rhodobacterales	complete	4					0.8263148107101972	0.8263148107101972	1	1	1.0	0.030750117746620717	0.0647884414999019	0.0019478517888679833	0.0054303992195273	-0.75	-0.2
GCF_029953595.1	c__Alphaproteobacteria	o__Rhodobacterales	complete	4	0.41	0.89	0.9133333333333334	6.0	0.8263148107101972	0.8263148107101972	1	1	1.0	0.02688825172143723	0.053749526729096	0.009127017534803467	0.0163653544275683	-0.05	-0.05
GCF_029958925.1	c__Alphaproteobacteria	o__Rhodobacterales	complete	4	0.17	0.67	0.5633333333333334	6.0	0.8263148107101972	0.8263148107101972	1	1	1.0	0.0334435764692066	0.0931339322907066	0.009683138244420767	0.0159735703291414	-0.45	-0.2
GCF_030254645.1	c__Gammaproteobacteria	o__Burkholderiales	complete	4	0.12833333333333333	0.69	0.0016666666666666668	6.0	0.9202193135785284	0.9202193135785284	1	1	1.0	0.018232368462377645	0.0452196873822593	0.00798694652336565	0.0100765791422652	-0.1	-0.1
GCF_030285785.1	c__Alphaproteobacteria	o__Rhodobacterales	complete	4	0.0033333333333333335	0.01	0.0	6.0	0.8263148107101972	0.8263148107101972	1	1	1.0	0.03625625587787643	0.0741059070962316	0.016722948265392668	0.0185145275426694	-0.4	-0.25
GCF_030296055.1	c__Campylobacteria	o__Campylobacterales	near_complete	3	0.3	0.9	0.006666666666666667	3.0	2.859738566197147	2.859738566197147	1	1	0.7142857142857143	0.03953763971277204	0.0722229624464636	0.007697675295357272	0.0130818227666753	0.8	0.8
GCF_030407165.1	c__Alphaproteobacteria	o__Rhodobacterales	complete	4	0.0	0.0	0.0	6.0	0.8263148107101972	0.8263148107101972	1	1	1.0	0.018277638378079334	0.0448723823399356	0.0015312976657131166	0.00274477832519	-0.1	-0.05
GCF_030413175.1	c__Alphaproteobacteria	o__Rhizobiales	complete	4	0.785	0.81	0.305	2.0	1.4978561367648613	1.8597385661971468	3	3	0.888888888888889	0.032461268165003845	0.0848226175540809	0.015549381623052388	0.0234509046898306	-0.13333333333333333	-0.06666666666666667
GCF_030863885.1	c__Alphaproteobacteria	o__Rhodobacterales	complete	4					0.908410828588184	0.9905068464661707	2	2	1.0	0.030854192136365654	0.077321207795023	0.009976888527108372	0.0224066308465478	1.1	0.3
GCF_032397745.1	c__Alphaproteobacteria	o__Rhizobiales	complete	4	0.33	0.65	0.045	2.0	1.9780245694156782	2.859738566197147	2	2	1.0	0.02080974334470291	0.0532922518183851	0.007376175632083773	0.0130727054428879	-0.375	-0.25
GCF_032842945.2	c__Alphaproteobacteria	o__Rhodobacterales	complete	4	0.62	0.89	0.9416666666666668	6.0	0.8263148107101972	0.8263148107101972	1	1	1.0	0.02222458923364035	0.0703608206241909	0.022489143090268653	0.023824203647902	1.0	1.0
GCF_032850805.1	c__Campylobacteria	o__Campylobacterales	near_complete	3					0.9914606426158289	1.0963105726342095	2	2	1.0	0.04000759395740107	0.0626164576561409	0.008818236187315429	0.0190353780812836	-0.2	0.09999999999999998
GCF_033100095.1	c__Gammaproteobacteria	o__Burkholderiales	complete	4	0.165	0.33	0.10750000000000001	4.0	1.008264943106369	1.0963105726342095	2	2	1.0	0.0144495466206307	0.053033440335251	0.014227125378862724	0.024224846585251	-0.625	-0.3
GCF_033723955.1	c__Gammaproteobacteria	o__Pseudomonadales	complete	4	0.815	0.88	0.4083333333333334	6.0	0.9202193135785284	0.9202193135785284	1	1	1.0	0.032254302771776454	0.0469076949690532	0.011507349515524417	0.0183228517279311	-0.05	-0.05
GCF_033954455.1	c__Gammaproteobacteria	o__Chromatiales	near_complete	3	0.074	0.37	0.05600000000000001	5.0	1.5889489442238562	2.081587315813503	2	2	0.8333333333333334	0.027802585100854482	0.0601793187126206	0.012642981499573042	0.0188822833897439	-0.725	-0.32499999999999996
GCF_033971325.1	c__Aquificia	o__Aquificales	near_complete	3	0.0	0.0	0.0	1.0	1.718087951845372	1.9566485792052033	2	2	1.0	0.024617771065518743	0.0494677317087902	0.004760229235831555	0.0080865453230841	-0.125	-0.125
GCF_034371605.1	c__Alphaproteobacteria	o__Rhodobacterales	complete	4					0.8263148107101972	0.8263148107101972	1	1	1.0	0.020960675061279285	0.0546782524387157	0.005719839478688551	0.0079214328880298	-0.2	-0.05
GCF_034376865.1	c__Alphaproteobacteria	o__Rhodobacterales	complete	4					0.8263148107101972	0.8263148107101972	1	1	1.0	0.028115958517416367	0.0578703461317893	0.010830309454179085	0.012972060709813	-0.35	-0.25
GCF_034423775.1			complete	4					0.8263148107101972	0.8263148107101972	1	1	1.0	0.031012127647380854	0.1098237066501572	0.00931190726795665	0.0122762639221026	-0.15	-0.15
GCF_034479635.1	c__Gammaproteobacteria	o__Halothiobacillales	complete	4	0.0	0.0	0.0	6.0	1.4898115768592881	2.3826173114774845	3	3	1.0	0.0383351178409872	0.0663800164860786	0.008569855106326	0.0117419753129368	-0.03333333333333333	-0.03333333333333333
GCF_034555965.2	c__Alphaproteobacteria	o__Rhodobacterales	complete	4	0.27166666666666667	0.78	0.07166666666666667	6.0	0.8263148107101972	0.8263148107101972	1	1	1.0	0.024178713699422417	0.0775375552280882	0.00564245007638555	0.00914841744736	0.0	0.0
GCF_035621355.1	c__Gammaproteobacteria	o__Burkholderiales	near_complete	3	0.262	0.84	0.11200000000000002	5.0	0.8866107125974483	0.8866107125974483	1	1	1.0	0.03497068197833966	0.0634844692586437	0.01637256672877204	0.0214787292320879	-0.1	-0.1
GCF_036323495.1	c__Gammaproteobacteria	o__Burkholderiales	complete	4	0.0	0.0	0.0	6.0	0.9202193135785284	0.9202193135785284	1	1	1.0	0.0133064631947591	0.0236206022115493	0.0010989261623183834	0.0025037537443137	-0.15	-0.05
GCF_037101365.1	c__Gammaproteobacteria	o__Burkholderiales	near_complete	3					1.479527324485541	1.479527324485541	1	1	1.0	0.029405230381071158	0.0467223008846909	0.00323832471831612	0.0059169613696017	-0.1	-0.05
GCF_038368255.1	c__Gammaproteobacteria	o__Burkholderiales	complete	4					1.008264943106369	1.0963105726342095	2	2	1.0	0.0131031508164245	0.0348589758447321	0.003066541300651475	0.0053917666188864	-0.25	-0.125
GCF_038443675.1	c__Alphaproteobacteria	o__Rhodobacterales	complete	4	0.11666666666666668	0.66	0.021666666666666667	6.0	0.8263148107101972	0.8263148107101972	1	1	1.0	0.02097242369328105	0.0638250032003803	0.005636312609442533	0.0069765538736659	-0.15	-0.1
GCF_039619325.1	c__Alphaproteobacteria	o__Rhizobiales	complete	4					0.8263148107101972	0.8263148107101972	1	1	1.0	0.030875695499339436	0.111223550367172	0.019140100927255252	0.0230217097211256	-0.1	-0.1
GCF_039645565.1	c__Campylobacteria	o__Campylobacterales	complete	4	0.0	0.0	0.0025	4.0	1.1805432852549413	1.5587085705331658	3	3	1.0	0.040291071245859844	0.0855003914921698	0.02323604483039478	0.0514002285601925	-0.05000000000000001	-0.05000000000000001
GCF_039645585.1	c__Campylobacteria	o__Campylobacterales	complete	4	0.0	0.0	0.0	4.0	1.1805432852549413	1.5587085705331658	3	3	1.0	0.0421268656945867	0.0888166011531094	0.02090865067675668	0.051005245611845	0.0	0.0
GCF_039645955.1	c__Campylobacteria	o__Campylobacterales	complete	4					1.1805432852549413	1.5587085705331658	3	3	1.0	0.04888762299861426	0.0940591447931853	0.023525809589172	0.0532260480363107	-0.03333333333333333	-0.016666666666666666
GCF_039645965.1	c__Campylobacteria	o__Campylobacterales	complete	4	0.34750000000000003	0.9	0.3175	4.0	1.222659641565307	1.5587085705331658	2	2	1.0	0.0261277892303827	0.0587962559925342	0.004422983406200062	0.01079196893595	-0.07500000000000001	-0.07500000000000001
GCF_039645985.1	c__Campylobacteria	o__Campylobacterales	near_complete	3	0.022	0.1	0.13	5.0	0.8866107125974483	0.8866107125974483	1	1	1.0	0.03524943571869932	0.0669007997294447	0.01291528825280402	0.016770785902991	0.0	0.0
GCF_039645995.1	c__Campylobacteria	o__Campylobacterales	complete	4	0.335	0.37	0.255	4.0	1.1805432852549413	1.5587085705331658	3	3	1.0	0.05011443100680427	0.1032588832374993	0.025157070016634468	0.0529665906088355	-0.016666666666666666	-0.016666666666666666
GCF_039724765.1	c__Alphaproteobacteria	o__Rhodobacterales	complete	4	0.33166666666666667	0.91	0.04	6.0	0.8263148107101972	0.8263148107101972	1	1	1.0	0.029127421347369866	0.0555400614669576	0.020910310073516552	0.0223626803356179	0.0	0.0
GCF_040269895.1	c__Alphaproteobacteria	o__Rhizobiales	complete	4	0.8666666666666667	0.93	0.61	6.0	0.9202193135785284	0.9202193135785284	1	1	1.0	0.019687446752190117	0.052667212378375	0.0039312011242207	0.0047676503504923	0.0	0.0
GCF_040409955.1	c__Alphaproteobacteria	o__Rhodobacterales	complete	4	0.325	0.9	0.665	6.0	0.8263148107101972	0.8263148107101972	1	1	1.0	0.020979156907837467	0.0660995535150256	0.0026334360816173837	0.0036230967299044	-0.05	-0.05
GCF_040580765.1	c__Alphaproteobacteria	o__Rhodobacterales	complete	4	0.16333333333333333	0.82	0.3766666666666667	6.0	0.9385587795318096	0.9905068464661707	2	2	1.0	0.02211432251469263	0.0581649493080592	0.00223525636928065	0.00309451059789	-0.65	-0.325
GCF_040790665.1	c__Alphaproteobacteria	o__Rhodobacterales	complete	4	0.4683333333333333	0.95	0.355	6.0	0.8263148107101972	0.8263148107101972	1	1	1.0	0.021627388330691017	0.0462576033628673	0.00936626869921385	0.0101910006284163	0.0	0.0
GCF_041200145.1	c__Alphaproteobacteria	o__Rhizobiales	complete	4	0.04	0.11	0.66	3.0	0.9911427105659428	1.0963105726342095	3	3	1.0	0.01931561055401021	0.0549899571948596	0.008767785846592623	0.0144634996243947	-0.21666666666666665	-0.15
GCF_041378895.1	c__Gammaproteobacteria	o__Burkholderiales	near_complete	3	0.255	0.26	0.01	2.0	1.676994573751697	2.2576785748691846	2	2	1.0	0.0162669933010628	0.0496598532347792	0.015958880299959784	0.0182132409000219	-0.025	-0.025
GCF_042019905.1	c__Alphaproteobacteria	o__Rhizobiales	complete	4					2.1128888167696136	2.859738566197147	3	3	1.0	0.023245456967199964	0.0547140836864431	0.006249445787203345	0.0099319023001092	-0.08333333333333333	-0.06666666666666667
GCF_042214795.1	c__Campylobacteria	o__Campylobacterales	complete	4	0.0016666666666666668	0.01	0.0016666666666666668	6.0	1.1784973288215597	1.1784973288215597	1	1	1.0	0.039732709411273534	0.0669607495767173	0.00427383908163195	0.0075613087032873	-0.2	-0.2
GCF_044772865.1	c__Alphaproteobacteria	o__Rhodobacterales	complete	4	0.7316666666666666	0.89	0.4116666666666667	6.0	0.8263148107101972	0.8263148107101972	1	1	1.0	0.020005306060363468	0.0400441334219396	0.005713274680079951	0.0058749925691578	-0.2	-0.15
GCF_045016065.1	c__Gammaproteobacteria	o__Burkholderiales	complete	4	0.0	0.0	0.0	6.0	0.9202193135785284	0.9202193135785284	1	1	1.0	0.012164103580809833	0.0215040366613195	0.0072810041784622	0.0100735985567691	-0.05	-0.05
GCF_045277565.1	c__Alphaproteobacteria	o__Rhodobacterales	complete	4	0.13	0.73	0.2383333333333333	6.0	0.8263148107101972	0.8263148107101972	1	1	1.0	0.02156780877528805	0.0424795424385525	0.0072893960213561175	0.0104113804203503	-0.2	-0.1
GCF_045571495.1	c__Alphaproteobacteria	o__Rhizobiales	near_complete	3	0.68	0.91	0.115	2.0	0.9914606426158289	1.0963105726342095	2	2	1.0	0.023805059681696113	0.0493254266148114	0.013893888318086788	0.0179974104140201	0.0	0.0
GCF_045689235.1	c__Gammaproteobacteria	o__Pseudomonadales	complete	4	0.2333333333333333	0.84	0.12166666666666666	6.0	1.1784973288215597	1.1784973288215597	1	1	1.0	0.019871189778893985	0.0479810833643039	0.0010902660609728428	0.0030012349068159	-0.15	-0.05
GCF_045689245.1	c__Gammaproteobacteria	o__Pseudomonadales	complete	4	0.15	0.34	0.13999999999999999	5.0	1.0845020876438651	1.1784973288215597	2	2	1.0	0.01851628548894844	0.0487269648621679	0.0008821717616313713	0.0014503786985512	-0.075	-0.075
GCF_047114695.1	c__Alphaproteobacteria	o__Rhodobacterales	near_complete	3					2.3826173114774845	2.3826173114774845	1	1	1.0	0.03513744795482005	0.0878062240651489	0.030375599271972774	0.0309640268771304	0.0	0.0
GCF_047222355.1	c__Gammaproteobacteria	o__Ectothiorhodospirales	near_complete	3	0.0	0.0	0.002	5.0	2.0877045440220092	2.1607685618611283	2	2	1.0	0.01064307196030302	0.016189199786863	0.00253494451459226	0.0064052003889553	-0.05	-0.05
GCF_047549485.1	c__Gammaproteobacteria	o__Burkholderiales	complete	4	0.24	0.44	0.7966666666666665	6.0	0.9202193135785284	0.9202193135785284	1	1	1.0	0.012085768042214534	0.0233643045179514	0.010096635893152217	0.0170558731669306	-0.1	-0.05
GCF_047715485.1	c__Alphaproteobacteria	o__Rhodobacterales	complete	4	0.518	0.8	1.294	5.0	0.908410828588184	0.9905068464661707	2	2	1.0	0.02306126606165193	0.0525219713820374	0.017343411543146614	0.0746303573509955	-0.175	-0.175
GCF_047716755.1	c__Campylobacteria	o__Campylobacterales	complete	4	0.0	0.0	0.0	4.0	1.1805432852549413	1.5587085705331658	3	3	1.0	0.035377695481523294	0.0533756978307515	0.004743893457509659	0.0068445053888906	-0.13333333333333333	0.04999999999999999
GCF_048300925.1	c__Gammaproteobacteria	o__Acidithiobacillales	near_complete	3	0.0	0.0	0.0	5.0	0.8866107125974483	0.8866107125974483	1	1	1.0	0.03764593012302124	0.0581346147426806	0.01885940126368662	0.0227258112515761	-0.75	-0.3
GCF_048320235.1	c__Campylobacteria	o__Campylobacterales	complete	4					1.1784973288215597	1.1784973288215597	1	1	1.0	0.042140978242768634	0.0692985559550357	0.002948646189789383	0.0043601601660831	0.0	0.0
GCF_048398245.1	c__Gammaproteobacteria	o__Burkholderiales	complete	4					0.9202193135785284	0.9202193135785284	1	1	1.0	0.01631470200441005	0.045737574844667	0.005611092663755133	0.0100914020037272	-0.9	-0.55
GCF_049949285.1	c__Alphaproteobacteria	o__Rhizobiales	complete	4	0.305	0.58	0.085	2.0	0.9909837445409998	1.0963105726342095	3	4	1.0	0.01921741004612286	0.0394907824985538	0.01045978820061782	0.014997870272103	-0.23750000000000002	-0.125
GCF_050626975.1	c__Gammaproteobacteria	o__Burkholderiales	near_complete	3					1.479527324485541	1.479527324485541	1	1	1.0	0.028242601466455096	0.0391293475515153	0.01237360355652418	0.0143827007011498	-0.35	-0.2
GCF_050749815.1	c__Gammaproteobacteria	o__Xanthomonadales	complete	4	0.6766666666666666	0.9	0.3583333333333334	6.0	0.9202193135785284	0.9202193135785284	1	1	1.0	0.020239323699582267	0.0405515949908251	0.00474885671128375	0.006010443464263	0.0	0.0
GCF_052492955.1			complete	4					0.908410828588184	0.9905068464661707	2	2	1.0	0.02866447825630203	0.0625400272132216	0.008966096733279373	0.0132983148442774	-0.475	-0.3
GCF_052921765.1			complete	4					0.9202193135785284	0.9202193135785284	1	1	1.0	0.020168614112172717	0.0472542277199067	0.005783967981256883	0.0087510314282109	-0.1	-0.1
GCF_053570685.1			complete	4					0.9710440766035258	1.0963105726342095	3	3	1.0	0.039345925609965623	0.1169066873607403	0.0216804824353116	0.0275428117199476	-0.03333333333333333	-0.03333333333333333
GCF_053891795.1			complete	4					0.8263148107101972	0.8263148107101972	1	1	1.0	0.025409593121737985	0.0667130045351152	0.00802624914605885	0.0102800707489756	-0.1	-0.1
GCF_053893855.1			near_complete	3					1.479527324485541	1.479527324485541	1	1	1.0	0.01367896665471964	0.0235174437026373	0.014736033417926581	0.0158440852014805	-0.35	-0.2
GCF_054052205.1			complete	4					0.8263148107101972	0.8263148107101972	1	1	1.0	0.02099615109642355	0.0724482943061881	0.0038436144351914163	0.0087294063366765	-0.8	-0.2
GCF_054226325.1			complete	4					0.9613126916722033	1.0963105726342095	2	2	1.0	0.022065104661346174	0.0605306596522308	0.010328203438822188	0.0167867530450744	-0.025	-0.025
GCF_054961475.1			complete	4					1.8686959483305807	2.859738566197147	3	3	0.9333333333333332	0.02381896357164486	0.0782633370318212	0.007386795769578275	0.0129887080054442	-0.3333333333333334	0.10000000000000002
GCF_055378705.1			near_complete	3					1.5721446437333164	2.2576785748691846	2	2	1.0	0.016519135504952067	0.0390177643108616	0.007751262964032999	0.0149610588930718	0.0	0.10000000000000003
GCF_055379455.1			near_complete	3					1.3731746393972974	1.8597385661971468	2	2	1.0	0.04040497634253278	0.0923140254883537	0.008726666513572399	0.0113804858161762	-0.125	-0.1
GCF_055383025.1			complete	4					1.4625882280421818	1.8597385661971468	3	3	1.0	0.05483036872215991	0.0994220518636905	0.009181506395649417	0.0190392585389174	-0.049999999999999996	-0.03333333333333333
GCF_055383445.1			complete	4					1.739463942055847	2.558708570533166	2	2	1.0	0.06439984181237467	0.1567262729247536	0.023611771424538998	0.0384132406321874	-0.85	-0.325
GCF_055384375.1			complete	4					1.1784973288215597	1.1784973288215597	1	1	1.0	0.027842553151832015	0.059825320564687	0.014544088783770165	0.0151072622948289	-0.55	-0.2
GCF_055385215.1			complete	4					1.222659641565307	1.5587085705331658	2	2	1.0	0.023283248380462036	0.0497492307104997	0.009215846850464388	0.0130410655903374	-0.32500000000000007	0.02499999999999994
GCF_055385515.1			near_complete	3					1.479527324485541	1.479527324485541	1	1	1.0	0.0205006366523732	0.0342295243812609	0.0043383032328343	0.006548968834207	-0.2	-0.15
GCF_055386385.1			complete	4					1.3155186617658423	1.8597385661971468	3	3	0.8888888888888888	0.016709020315849848	0.0555129411847145	0.00405060449182347	0.0073862780614497	0.0	0.0
GCF_055386745.1			near_complete	3					0.8866107125974483	0.8866107125974483	1	1	1.0	0.03961039821786574	0.1118604902540533	0.0009659955383093801	0.0014280795757006	-0.1	-0.05
GCF_055387065.1			near_complete	3					1.3974697457321983	1.8597385661971468	3	4	1.0	0.0294229164112456	0.0862811061386626	0.02712977150622681	0.0323597600062521	-0.1375	0.012499999999999983
GCF_055390195.1			near_complete	3					1.479527324485541	1.479527324485541	1	1	1.0	0.027045101026207764	0.0431569870599463	0.01110465552715734	0.0144197289644413	-0.1	-0.1
GCF_055393575.1			complete	4					1.905496056757822	1.905496056757822	1	1	1.0	0.016205851448158903	0.0426658870793807	0.00342546388257835	0.0076774173425908	-0.05	-0.05
GCF_055396925.1			complete	4					0.8263148107101972	0.8263148107101972	1	1	1.0	0.03226314366477034	0.119625629205231	0.02307779129539103	0.0256062723686214	-0.05	-0.05
GCF_056716105.1			near_complete	3					1.3548362003483871	2.081587315813503	3	3	1.0	0.05007079566766406	0.0974416001761431	0.01178027046960245	0.0153023014063198	-0.5333333333333333	-0.2333333333333333
GCF_058747975.1			complete	4					0.8263148107101972	0.8263148107101972	1	1	1.0	0.032203111055895316	0.069155442764192	0.0137753721805701	0.0154143095911294	-0.25	-0.1
GCF_900096765.1	c__Gammaproteobacteria	o__Burkholderiales	near_complete	3	0.005	0.02	0.005	4.0	2.169632945341344	2.859738566197147	2	2	1.0	0.015057086173226228	0.0428802123657475	0.005868766280521529	0.0088178168371135	-0.025	-0.025
GCF_900130075.1	c__Gammaproteobacteria	o__Burkholderiales	complete	4	0.21166666666666667	0.5	0.105	6.0	0.9202193135785284	0.9202193135785284	1	1	1.0	0.012877227414496683	0.0174661205474651	0.00389388554639545	0.0056278469337319	-0.1	-0.1
GCF_900142435.1	c__Aquificia	o__Aquificales	near_complete	3	0.172	0.86	0.0	5.0	1.479527324485541	1.479527324485541	1	1	1.0	0.03879830673437294	0.0514535830278438	0.01152296175580016	0.012480862286941	0.0	0.0
GCF_900187205.1	c__Gammaproteobacteria	o__Burkholderiales	complete	4					0.9202193135785284	0.9202193135785284	1	1	1.0	0.01104286688696555	0.0196373213936381	0.0040781889765000336	0.012093983134929	-0.05	-0.05
GCF_900231165.1	c__Alphaproteobacteria	o__Rhizobiales	complete	4	0.8975	0.94	0.1075	4.0	0.9613126916722033	1.0963105726342095	2	2	1.0	0.021829027865704315	0.0678273879303463	0.003643561281424775	0.0088980484918598	-0.30000000000000004	-0.15
GCF_900250125.1	c__Gammaproteobacteria	o__Burkholderiales	complete	4					0.9553630800223496	0.9905068464661707	2	2	1.0	0.02210748239440246	0.0378814353927504	0.01743738234160636	0.0324522838743283	0.35	0.375
GCF_900324035.1	c__Alphaproteobacteria	o__Rhizobiales	near_complete	3					0.9914606426158289	1.0963105726342095	2	2	1.0	0.023336760614624013	0.040489940436296	0.013015527116543687	0.0193289032185166	-0.09999999999999998	0.175
GCF_964020785.1			complete	4					1.3243928218059804	1.9566485792052033	3	3	1.0	0.03592327967333451	0.0704822243482613	0.01326604059159474	0.0236182811747719	-0.19999999999999998	-0.15
GCF_964332355.1	c__Gammaproteobacteria	o__Burkholderiales	complete	4	0.074	0.28	0.362	5.0	0.9670776688369566	0.9905068464661707	2	3	1.0	0.016596856782939776	0.0331971098342116	0.0074552348539889245	0.0202695723646355	-0.13333333333333333	-0.06666666666666667
GCF_964341695.1			complete	4					0.9202193135785284	0.9202193135785284	1	1	1.0	0.015304221945172433	0.0496617470601937	0.017051717926369152	0.0238299816031554	-1.3	-0.45
